Val_A,Val_B,Val_Bprime,EN_A,EN_B,EN_Bprime,Shannon_A,Shannon_B,Shannon_Bprime,Tolerance_Factor,Octahedral_Mismatch,EN_avg,EN_diff,Val_avg,Formation Energy (eV/atom),Energy Above Hull (eV),Band Gap (eV),Total Magnetization (Î¼B),Material ID,3D_Volume_Per_Atom,3D_Density,3D_Crystal_Symmetry
2,9,6,0.89,1.88,2.16,1.4742857142857142,0.6255555555555555,0.58,1.0148040094476147,0.0227461858416246,2.02,0.2800000000000002,7.5,-2.463285518,0.0,0.0,0.0109821,mp-18967,13.838303402206416,6.306065388027646,225.0
2,9,6,0.89,1.88,2.16,1.4742857142857142,0.6255555555555555,0.58,1.0148040094476147,0.0227461858416246,2.02,0.2800000000000002,7.5,-2.454069767,0.009215750999985,1.274,2.1e-06,mp-561894,13.85835859641154,6.296939533392895,139.0
2,7,9,0.89,1.9,1.88,1.4742857142857142,0.534,0.6255555555555555,1.0265934599965334,0.0462453698273539,1.89,0.02,8.0,-2.4478527995,0.04870363225,0.198199999999999,1.92e-05,mp-545792,13.752905474639046,7.435115024651398,166.0
2,9,8,0.89,1.88,2.2,1.4742857142857142,0.6255555555555555,0.521,1.0299750708182498,0.0529857259226402,2.04,0.3200000000000003,8.5,-2.09980503266666,0.019201509583339,0.0,15.6349386,mp-1228653,13.805935990639606,6.382551875930632,156.0
2,9,6,0.89,1.88,1.7,1.4742857142857142,0.6255555555555555,0.562,1.0193848790829303,0.0318769504967179,1.79,0.1799999999999999,7.5,-2.565399248,0.010751375500013,1.84269999999999,3.0001636,mp-1274542,13.977699291376698,7.287421370720683,139.0
2,9,6,0.89,1.88,1.7,1.4742857142857142,0.6255555555555555,0.562,1.0193848790829303,0.0318769504967179,1.79,0.1799999999999999,7.5,-2.5761506235,0.0,0.0,6.000052,mp-22112,13.962722202352197,7.295238210234252,166.0
2,6,6,0.89,1.66,2.16,1.4742857142857142,0.521,0.58,1.0420030345563909,0.0302486541757249,1.91,0.5000000000000002,6.0,-2.66020709599999,0.0,0.0,3e-07,mp-1079901,13.512386348870512,6.372916830759969,139.0
2,8,6,0.89,1.83,2.16,1.4742857142857142,0.6216666666666666,0.58,1.0157902135380803,0.0208246563827614,1.995,0.33,7.0,-2.500273185,0.000837423000007,0.864099999999999,3.2e-06,mp-1277787,13.765747185583916,6.302050887549036,12.0
2,8,6,0.89,1.83,2.16,1.4742857142857142,0.6216666666666666,0.58,1.0157902135380803,0.0208246563827614,1.995,0.33,7.0,-2.50098259249999,0.000128015500007,0.7715,2.00003,mp-1288525,13.74125936108155,6.31328155513809,5.0
2,8,6,0.89,1.83,2.16,1.4742857142857142,0.6216666666666666,0.58,1.0157902135380803,0.0208246563827614,1.995,0.33,7.0,-2.501110608,0.0,0.9037,2.00003,mp-1288978,13.778824395900463,6.296069735419209,5.0
2,8,6,0.89,1.83,2.16,1.4742857142857142,0.6216666666666666,0.58,1.0157902135380803,0.0208246563827614,1.995,0.33,7.0,-2.497820122,0.003290486000007,0.0,3.99999989999999,mp-18995,13.665139579720977,6.348448822098027,12.0
2,7,8,0.89,1.9,1.83,1.4742857142857142,0.534,0.6216666666666666,1.0276027229691191,0.0443245976012515,1.865,0.0699999999999998,7.5,-2.48591545325,0.003049289499999,0.0,3.000002,mp-31756,13.580169818235706,7.491925995320351,225.0
2,8,6,0.89,1.83,1.7,1.4742857142857142,0.6216666666666666,0.562,1.020380011171047,0.0299556522316346,1.765,0.1300000000000001,7.0,-2.639823302,0.000347599500006,2.50619999999999,9.33e-05,mp-1272506,14.232236864597374,7.121057543427744,2.0
2,8,6,0.89,1.83,1.7,1.4742857142857142,0.6216666666666666,0.562,1.020380011171047,0.0299556522316346,1.765,0.1300000000000001,7.0,-2.6401709015,0.0,0.0,7.82e-05,mp-18845,14.25376606507614,7.110301742134714,139.0
2,8,6,0.89,1.83,2.16,1.4742857142857142,0.6216666666666666,0.58,1.0157902135380803,0.0208246563827614,1.995,0.33,7.0,-2.38106267772727,0.194080436363643,1.5819,2.0000001,mp-2217283,14.744170121862872,5.597798299279379,1.0
2,7,6,0.89,1.55,2.16,1.4742857142857142,0.586,0.58,1.0249253247172547,0.0030257186066435,1.855,0.6100000000000001,6.5,-2.6296567122931,0.0,1.26539999999999,0.0,mp-20399,14.385360967635886,6.020136445821269,225.0
2,5,7,0.89,1.6,1.55,1.4742857142857142,0.677142857142857,0.586,1.0004210978497643,0.0448632304117824,1.5750000000000002,0.05,6.0,-2.9407101537931,0.027375552666663,0.0,4.0000187,mp-1228414,13.968693197396462,6.163646819201462,225.0
2,5,7,0.89,1.6,1.55,1.4742857142857142,0.677142857142857,0.586,1.0004210978497643,0.0448632304117824,1.5750000000000002,0.05,6.0,-2.9635321102931,0.004553596166662,1.16279999999999,15.9994692,mp-1272179,14.053566462428398,6.126422899462092,62.0
2,5,7,0.89,1.6,1.55,1.4742857142857142,0.677142857142857,0.586,1.0004210978497643,0.0448632304117824,1.5750000000000002,0.05,6.0,-2.9629106410431,0.005175065416661,1.1475,16.0006208,mp-1275240,14.021479648384982,6.140442631848111,2.0
2,5,7,0.89,1.6,1.55,1.4742857142857142,0.677142857142857,0.586,1.0004210978497643,0.0448632304117824,1.5750000000000002,0.05,6.0,-2.9515829482931,0.016502758166661,0.0764,16.0006634,mp-1278519,13.952245907475666,6.1709126950236834,74.0
2,5,7,0.89,1.6,1.55,1.4742857142857142,0.677142857142857,0.586,1.0004210978497643,0.0448632304117824,1.5750000000000002,0.05,6.0,-2.9617253507931,0.006360355666661,0.185799999999999,0.0,mp-1278534,14.0124992354197,6.144377954854891,139.0
2,7,7,0.89,1.9,1.55,1.4742857142857142,0.534,0.586,1.0369525096458223,0.0265306122313618,1.725,0.3499999999999998,7.0,-2.6378569690431,0.0,0.0,3.99999959999999,mp-20813,14.235700377797238,7.136355863419723,225.0
2,7,8,0.89,1.55,2.2,1.4742857142857142,0.586,0.521,1.0404028251361004,0.0332736114495655,1.875,0.6500000000000001,7.5,-2.3171343647931,0.02291560858333,0.0,20.9979188,mp-1228678,14.2142374621618,6.152541958210322,12.0
2,7,6,0.89,1.55,1.7,1.4742857142857142,0.586,0.562,1.0295982365304013,0.012158054705087,1.625,0.1499999999999999,6.5,-2.7469805557931,0.0,2.2267,0.0,mp-19085,14.529562077788114,6.9649707074152944,225.0
2,9,5,0.89,1.88,1.6,1.4742857142857142,0.6255555555555555,0.677142857142857,0.9907756868737044,0.025147986214382,1.74,0.2799999999999998,7.0,-2.710650131,0.066096190249994,1.53459999999999,0.000261799999999,mp-1228382,13.070890439413933,6.63776519762058,225.0
2,6,5,0.89,1.66,1.6,1.4742857142857142,0.521,0.677142857142857,1.016685492009933,0.0781076928183261,1.63,0.0599999999999998,5.5,-3.05619982500001,0.0,1.58239999999999,12.0,mp-31627,13.734224429634661,6.2333020966732295,194.0
2,8,5,0.89,1.83,1.6,1.4742857142857142,0.6216666666666666,0.677142857142857,0.9917157199580316,0.0270694161935879,1.715,0.2299999999999999,6.5,-2.89555372049999,0.0,1.455,0.0,mp-1021504,13.863360568295217,6.221341094806789,225.0
2,8,5,0.89,1.83,1.6,1.4742857142857142,0.6216666666666666,0.677142857142857,0.9917157199580316,0.0270694161935879,1.715,0.2299999999999999,6.5,-2.87741168466666,0.018142035833317,1.69079999999999,15.0030445,mp-1022733,14.3509472309297,6.009965295515311,164.0
2,8,5,0.89,1.83,1.6,1.4742857142857142,0.6216666666666666,0.677142857142857,0.9917157199580316,0.0270694161935879,1.715,0.2299999999999999,6.5,-2.873255236,0.022298484499984,1.34979999999999,20.0003999,mp-1022808,14.267979263999331,6.04491310365722,194.0
2,5,9,0.89,1.6,2.28,1.4742857142857142,0.677142857142857,0.605,0.9957647196881576,0.0353455817849575,1.94,0.6799999999999997,7.0,-2.733223787,0.0,0.8889,7.22e-05,mp-1205833,13.859031915553862,6.78714612060195,225.0
2,5,5,0.89,1.6,1.63,1.4742857142857142,0.677142857142857,0.576875,1.0026728991087577,0.0494659178260535,1.615,0.0299999999999998,5.0,-3.119411723,0.0,0.0,0.000232099999999,mp-1078969,13.89757937508935,6.1474338211984385,12.0
2,5,5,0.89,1.6,1.63,1.4742857142857142,0.677142857142857,0.576875,1.0026728991087577,0.0494659178260535,1.615,0.0299999999999998,5.0,-3.094641198,0.024770524999999,0.0,0.1300782,mp-1277332,13.860888628370807,6.163706510731556,2.0
2,10,6,0.89,1.91,2.16,1.4742857142857142,0.5714285714285715,0.58,1.0287048758048811,0.0043383947917303,2.035,0.2500000000000002,8.0,-2.44925213,0.0,2.3514,0.0,mp-552567,13.705906173625962,6.364075903636514,225.0
2,10,8,0.89,1.91,2.2,1.4742857142857142,0.5714285714285715,0.521,1.0442976057771003,0.0259111094666292,2.055,0.2900000000000002,9.0,-2.068848193,0.025932189499996,0.004,15.9818678,mp-1147774,13.97132168604799,6.304148293098672,194.0
2,10,6,0.89,1.91,1.7,1.4742857142857142,0.5714285714285715,0.562,1.033412394302187,0.0047940727803038,1.805,0.2099999999999999,8.0,-2.56365896249999,0.0,3.3409,0.0,mp-504723,13.817756532412693,7.3688927282831385,225.0
2,8,6,0.89,1.83,1.7,1.4742857142857142,0.6216666666666666,0.562,1.020380011171047,0.0299556522316346,1.765,0.1300000000000001,7.0,-2.498643676,0.157696589250001,0.0,3.99999989999999,mp-1521698,13.208016609107554,6.450627964413825,216.0
2,5,4,0.89,1.6,1.3,1.4742857142857142,0.677142857142857,0.72,0.9684811730891488,0.0204220558105546,1.4500000000000002,0.3,4.5,-3.38067126699999,0.121074810656251,0.0,0.0353277,mp-1521804,14.09651371337811,6.417600952583965,216.0
2,4,6,0.89,1.3,1.7,1.4742857142857142,0.72,0.562,0.995799568316958,0.0774130327891166,1.5,0.3999999999999999,5.0,-3.056130819,0.180937930749996,0.0,2.0,mp-1521252,14.107030038620985,7.483196846885018,216.0
2,4,4,0.89,1.33,1.3,1.4742857142857142,0.7466666666666667,0.72,0.9527001182650252,0.0124999999941404,1.315,0.03,4.0,-3.635092758,0.094996619000026,3.3163,0.0,mp-1516790,14.649529794389679,6.15626817577107,216.0
2,7,6,0.89,1.55,1.7,1.4742857142857142,0.586,0.562,1.0295982365304013,0.012158054705087,1.625,0.1499999999999999,6.5,-2.6703698287931,0.091892590250006,1.88519999999999,5.0000003,mp-1516715,13.859221021988787,6.136665093737115,216.0
2,5,6,0.89,1.6,1.7,1.4742857142857142,0.677142857142857,0.562,1.0063654546574294,0.0570135106175924,1.65,0.0999999999999998,5.5,-2.81802165,0.158354321222232,0.763099999999999,2.99999989999999,mp-1519910,14.155454733161466,6.4536385413990525,216.0
2,4,5,0.89,1.33,1.6,1.4742857142857142,0.7466666666666667,0.677142857142857,0.9623667485485816,0.0329199548885835,1.465,0.27,4.5,-3.313915328,0.113674588374994,0.0,0.0002061,mp-1519061,14.359292645010928,5.290994582706563,216.0
2,4,6,0.89,1.33,1.7,1.4742857142857142,0.7466666666666667,0.562,0.9893364849616167,0.0898912866672603,1.515,0.3699999999999999,5.0,-2.979708477,0.194257001583331,0.0,1.9999999,mp-1519763,14.361105302701475,6.341769699853908,216.0
2,6,6,0.89,1.66,1.7,1.4742857142857142,0.521,0.562,1.0468333344830414,0.0211176924949175,1.68,0.04,6.0,-2.23342298566666,0.170293997583339,0.1824,2.99999989999999,mp-1519687,13.25203557008982,7.317498123148009,216.0
2,5,4,0.89,1.6,1.3,1.4742857142857142,0.677142857142857,0.72,0.9684811730891488,0.0204220558105546,1.4500000000000002,0.3,4.5,-3.4130699325,0.052069121000002,0.0,6.8874179,mp-1519016,13.957646254425475,7.812557022430075,216.0
2,4,4,0.89,1.33,1.3,1.4742857142857142,0.7466666666666667,0.72,0.9527001182650252,0.0124999999941404,1.315,0.03,4.0,-3.6694066805,0.04404608825,0.426599999999999,7.0000002,mp-1517277,14.790263624774266,7.353860908032979,216.0
2,4,5,0.89,1.33,1.6,1.4742857142857142,0.7466666666666667,0.677142857142857,0.9623667485485816,0.0329199548885835,1.465,0.27,4.5,-3.3493691235,0.06010360025,0.0,6.6693043,mp-1523280,14.510777105571048,6.516125658526424,216.0
2,6,8,0.89,1.66,1.83,1.4742857142857142,0.521,0.6216666666666666,1.0309909970798246,0.0510652688276638,1.745,0.1700000000000001,7.0,-5.153567591,0.0,0.0,9.6463861,mp-1518724,14.24298796819626,5.810836543668298,216.0
2,5,4,0.89,1.6,1.3,1.4742857142857142,0.677142857142857,0.72,0.9684811730891488,0.0204220558105546,1.4500000000000002,0.3,4.5,-3.06633499966666,0.096817413222229,0.622799999999999,0.0,mp-1516647,14.323828646232272,7.182204658895926,216.0
2,4,4,0.89,1.3,1.54,1.4742857142857142,0.72,0.6341666666666667,0.978500422361714,0.041323971895852,1.42,0.24,4.0,-3.104368333,0.190470733819445,0.0,8e-07,mp-1522487,13.495101113021127,7.069061804298434,216.0
2,8,6,0.89,1.83,1.7,1.4742857142857142,0.6216666666666666,0.562,1.020380011171047,0.0299556522316346,1.765,0.1300000000000001,7.0,-2.08932370766666,0.1948221645,0.0,4.9754546,mp-1522067,13.453175819820341,7.25560058097591,216.0
2,9,9,0.89,2.2,1.88,1.4742857142857142,0.625,0.6255555555555555,1.0035299558559871,0.0002743107939943,2.04,0.3200000000000003,9.0,-2.2561880905,0.077274600458354,0.0,4.9919466,mp-1228112,13.188035969388338,7.849123967981792,1.0
2,6,6,0.89,1.66,2.16,1.4742857142857142,0.521,0.58,1.0420030345563909,0.0302486541757249,1.91,0.5000000000000002,6.0,-2.7249114925,0.136250090285706,0.0,4.995957,mp-1229299,13.272310643364946,6.507941820969998,216.0
2,7,6,0.89,1.55,2.16,1.4742857142857142,0.586,0.58,1.0249253247172547,0.0030257186066435,1.855,0.6100000000000001,6.5,-2.6442282702931,0.193645975828825,0.382399999999999,6.0003792,mp-40356,13.872823300508227,6.261446936672876,216.0
2,7,8,0.89,1.55,2.2,1.4742857142857142,0.586,0.521,1.0404028251361004,0.0332736114495655,1.875,0.6500000000000001,7.5,-2.4999615022931,0.190924160466654,0.0,2.0,mp-1227855,13.398504511114245,6.546686119153508,216.0
2,7,8,0.89,1.55,2.2,1.4742857142857142,0.586,0.521,1.0404028251361004,0.0332736114495655,1.875,0.6500000000000001,7.5,-2.5672965662931,0.123589096466654,0.320999999999999,1.99999669999999,mp-1272796,13.535949064357677,6.480210813684061,8.0
2,7,8,0.89,1.55,2.2,1.4742857142857142,0.586,0.521,1.0404028251361004,0.0332736114495655,1.875,0.6500000000000001,7.5,-2.5412320577931,0.149653604966655,0.0,15.8583723,mp-690567,13.547770127561009,6.474556526603738,7.0
2,6,5,0.89,1.66,1.6,1.4742857142857142,0.521,0.677142857142857,1.016685492009933,0.0781076928183261,1.63,0.0599999999999998,5.5,-3.0665843775,0.127025262016658,0.0,1.999924,mp-1227851,13.284017448733431,6.4642854750256085,216.0
2,8,10,0.89,2.2,1.91,1.4742857142857142,0.521,0.5714285714285715,1.0442976057771003,0.0259111094666292,2.055,0.2900000000000002,9.0,-2.37273658949999,0.039392856166665,0.0,5.0061727,mp-622618,12.874085056937185,6.8617998466805314,82.0
2,7,5,0.89,1.55,1.5,1.4742857142857142,0.586,0.6940000000000001,0.9962877053600812,0.0529411764446367,1.525,0.05,6.0,-3.18655668902643,0.123896606166656,1.0025,5.00002,mp-41283,14.054609987908744,7.1848196168695635,216.0
2,6,4,0.89,1.66,1.54,1.4742857142857142,0.521,0.6341666666666667,1.0277326293433893,0.0572247271212045,1.6,0.1199999999999998,5.0,-3.29082848533333,0.053622175750016,2.2522,1e-07,mp-1227861,12.631787093241524,6.205987755507997,216.0
2,6,4,0.89,1.66,1.54,1.4742857142857142,0.521,0.6341666666666667,1.0277326293433893,0.0572247271212045,1.6,0.1199999999999998,5.0,-3.29738807508333,0.047062586000015,1.22499999999999,11.9988121,mp-39208,12.64526162410345,6.199374782520477,51.0
2,8,4,0.89,1.83,1.54,1.4742857142857142,0.6216666666666666,0.6341666666666667,1.002224081658698,0.0061639613694692,1.685,0.29,6.0,-3.11263003233333,0.059971858499999,1.78379999999999,0.0,mp-1227842,12.772054781082703,6.187872058780649,216.0
2,7,6,0.89,1.55,1.7,1.4742857142857142,0.586,0.562,1.0295982365304013,0.012158054705087,1.625,0.1499999999999999,6.5,-2.19195733145976,0.194802626833336,0.0,4.5399525,mp-1523111,13.849151529817894,7.037273486631841,216.0
2,5,4,0.89,1.6,1.54,1.4742857142857142,0.677142857142857,0.6341666666666667,0.9887005136293856,0.0209063269045539,1.57,0.06,4.5,-3.13772750847126,0.030822862999997,1.56509999999999,0.0007635,mp-1227835,12.982647548081314,5.078915732558073,216.0
2,6,5,0.89,1.66,1.6,1.4742857142857142,0.521,0.677142857142857,1.016685492009933,0.0781076928183261,1.63,0.0599999999999998,5.5,-2.71384755499999,0.180641513499987,0.0,4.7459269,mp-1519828,13.602082807712364,5.75157154546209,225.0
2,5,6,0.89,1.6,1.7,1.4742857142857142,0.677142857142857,0.562,1.0063654546574294,0.0570135106175924,1.65,0.0999999999999998,5.5,-2.42001267766666,0.1861718270278,0.0,2.0,mp-1520199,14.052483822007725,7.3841079308386135,216.0
2,8,9,0.89,1.83,1.88,1.4742857142857142,0.6216666666666666,0.6255555555555555,1.0043564733210566,0.0019217570340538,1.855,0.0499999999999998,8.5,-2.33368072575,0.0784512655,0.0,6.0003537,mp-1227838,12.10178877369307,6.755660589674415,99.0
2,4,4,0.89,1.33,1.3,1.4742857142857142,0.7466666666666667,0.72,0.9527001182650252,0.0124999999941404,1.315,0.03,4.0,-3.52449929975,0.195317215612494,0.0,0.000187699999999,mp-1516816,14.684412959787846,7.319548525027483,216.0
2,7,9,0.89,1.55,1.88,1.4742857142857142,0.586,0.6255555555555555,1.013286188250771,0.0197208065489981,1.715,0.3299999999999998,8.0,-2.4436261250431,0.088181212166666,0.0,13.9980881,mp-1227874,12.163947117468805,6.708757714400395,35.0
2,7,4,0.89,1.55,1.54,1.4742857142857142,0.586,0.6341666666666667,1.0111157508846638,0.0239625222715663,1.545,0.01,5.5,-2.49505076912643,0.168152721549985,0.0,4.0101239,mp-1227378,12.765844790840358,7.09059642167849,216.0
2,7,5,0.89,1.55,1.6,1.4742857142857142,0.586,0.677142857142857,1.0004210978497643,0.0448632304117824,1.5750000000000002,0.05,6.0,-2.87396858112643,0.195677998405583,0.0,4.9234599,mp-1516399,12.772079281348823,5.578019625043522,216.0
2,5,4,0.89,1.6,1.54,1.4742857142857142,0.677142857142857,0.6341666666666667,0.9887005136293856,0.0209063269045539,1.57,0.06,4.5,-2.90355266008333,0.145619113250019,0.6275,0.0,mp-1522797,13.213685144810523,5.577400067981163,216.0
2,5,6,0.89,1.63,1.7,1.4742857142857142,0.576875,0.562,1.0319834566516202,0.0075529180247898,1.665,0.07,5.5,-2.28422854466666,0.163241989473213,0.0,2.0421198,mp-1518364,13.49713713483763,7.171641215081946,216.0
2,4,5,0.89,1.33,1.6,1.4742857142857142,0.7466666666666667,0.677142857142857,0.9623667485485816,0.0329199548885835,1.465,0.27,4.5,-3.00139788966666,0.099896537472227,0.606099999999999,0.0,mp-1517252,14.613956148261224,6.04804118068161,216.0
2,4,4,0.89,1.33,1.54,1.4742857142857142,0.7466666666666667,0.6341666666666667,0.972259239681829,0.053817022099031,1.435,0.2099999999999999,4.0,-3.028436694,0.198604889944444,0.0,5.02e-05,mp-1517256,13.766191824842494,5.877213147528646,216.0
2,7,10,0.89,1.9,1.91,1.4742857142857142,0.534,0.5714285714285715,1.0408214523609285,0.0191674592044647,1.905,0.01,8.5,-2.44190680425,0.033321185000008,0.0,3.0213158,mp-20286,13.562939991186033,7.5363170003642965,225.0
2,9,5,0.89,1.88,1.5,1.4742857142857142,0.6255555555555555,0.6940000000000001,0.9867214516383628,0.0332290430305824,1.69,0.3799999999999999,7.0,-2.81175282073333,0.073295865250001,1.53279999999999,1.21e-05,mp-1228308,13.046830632378363,7.770556663216545,225.0
2,6,5,0.89,1.66,1.5,1.4742857142857142,0.521,0.6940000000000001,1.012416896101201,0.0861768368188409,1.58,0.1599999999999999,5.5,-3.16791021648333,0.0,2.2009,12.0005588,mp-31630,14.038734552152658,7.139475755789228,194.0
2,8,5,0.89,1.83,1.5,1.4742857142857142,0.6216666666666666,0.6940000000000001,0.987653803648176,0.0351502389073539,1.665,0.33,6.5,-3.00621388623333,0.0,1.86229999999999,0.0,mp-1205671,13.795075583205895,7.311908459717902,225.0
2,5,7,0.89,1.5,1.55,1.4742857142857142,0.6940000000000001,0.586,0.9962877053600812,0.0529411764446367,1.525,0.05,6.0,-3.04905246552643,0.028530789916667,0.0,4.0000375,mp-1228319,13.888752445059415,7.251747544394725,225.0
2,5,7,0.89,1.5,1.55,1.4742857142857142,0.6940000000000001,0.586,0.9962877053600812,0.0529411764446367,1.525,0.05,6.0,-3.07083603552643,0.006747219916666,1.18229999999999,16.0003823,mp-1291775,13.925349081272364,7.2326895254365295,62.0
2,5,7,0.89,1.5,1.55,1.4742857142857142,0.6940000000000001,0.586,0.9962877053600812,0.0529411764446367,1.525,0.05,6.0,-3.06990704402643,0.007676211416667,1.1315,16.0004006,mp-1307944,13.927987368667525,7.231319484446186,1.0
2,5,7,0.89,1.5,1.55,1.4742857142857142,0.6940000000000001,0.586,0.9962877053600812,0.0529411764446367,1.525,0.05,6.0,-3.07142502102643,0.006158234416668,1.1694,8.5e-06,mp-1309882,13.935266969808282,7.227541937759624,139.0
2,8,4,0.89,1.83,1.54,1.4742857142857142,0.6216666666666666,0.6341666666666667,1.002224081658698,0.0061639613694692,1.685,0.29,6.0,-2.816929195,0.015144188583332,0.0,12.0139767,mp-1228536,13.60909517239455,5.788021084785017,156.0
2,7,4,0.89,1.55,1.54,1.4742857142857142,0.586,0.6341666666666667,1.0111157508846638,0.0239625222715663,1.545,0.01,5.5,-2.97172770237643,0.019383723583304,1.15879999999999,0.000225799999999,mp-1228358,13.533491370470859,5.809227214869469,166.0
2,8,5,0.89,1.83,1.63,1.4742857142857142,0.6216666666666666,0.576875,1.016584089075916,0.022404001447659,1.73,0.2000000000000001,6.5,-2.592685414,0.10079025249999,1.0389,4.9977207,mp-1096782,12.96863919810601,6.113229100473664,225.0
2,8,5,0.89,1.83,1.63,1.4742857142857142,0.6216666666666666,0.576875,1.016584089075916,0.022404001447659,1.73,0.2000000000000001,6.5,-2.568807841,0.12466782549999,0.6837,19.9996996,mp-1096783,13.350175262070412,5.938518482573833,194.0
2,5,6,0.89,1.63,2.16,1.4742857142857142,0.576875,0.58,1.0272889181046378,0.0015795292994701,1.895,0.5300000000000002,5.5,-2.6755853955,0.083071706249999,0.400299999999999,8e-07,mp-1079477,13.51461104395518,6.358909898089763,225.0
2,9,3,0.89,2.2,1.22,1.4742857142857142,0.625,0.9885,0.9210046081286052,0.1647218759874376,1.71,0.9800000000000002,6.0,-2.76159472999999,0.0,0.0,2.0,mp-15888,15.0924015974179,7.171124745892844,225.0
2,8,3,0.89,2.2,1.22,1.4742857142857142,0.521,0.9885,0.943230963671926,0.2169625245541419,1.71,0.9800000000000002,5.5,-2.831114415,0.0,0.0903,3.0002985,mp-6428,15.104147702590646,6.163484425059196,225.0
2,4,4,0.89,1.33,1.54,1.4742857142857142,0.7466666666666667,0.6341666666666667,0.972259239681829,0.053817022099031,1.435,0.2099999999999999,4.0,-3.56091773233333,0.004841601999968,2.2161,0.0001906,mp-1078457,14.260746012405335,5.935492498146025,225.0
2,4,6,0.89,1.33,1.7,1.4742857142857142,0.7466666666666667,0.562,0.9893364849616167,0.0898912866672603,1.515,0.3699999999999999,5.0,-3.054233885,0.076474615249987,0.0,1.99999939999999,mp-1228086,14.873659896694596,7.208945182365778,225.0
2,5,4,1.0,1.6,1.3,1.155,0.677142857142857,0.72,0.8608988956610052,0.0204220558105546,1.4500000000000002,0.3,4.5,-3.00422916366666,0.181525003263892,0.536699999999999,0.0,mp-1523377,13.794635389284446,6.287088422230129,216.0
2,6,9,1.0,1.66,1.88,1.155,0.521,0.6255555555555555,0.9155618360628428,0.0529857259226402,1.77,0.2199999999999999,7.5,-2.508303185,0.135700244249999,0.0,0.0035364,mp-1048899,11.722019284096628,5.466782045020155,7.0
2,6,8,1.0,1.66,1.83,1.155,0.521,0.6216666666666666,0.9164649096805496,0.0510652688276638,1.745,0.1700000000000001,7.0,-2.73674654549999,0.031413375749995,0.0,13.993967,mp-1043895,11.738116923152583,5.41559758902214,7.0
2,6,6,1.0,1.66,2.16,1.155,0.521,0.58,0.9262536915030344,0.0302486541757249,1.91,0.5000000000000002,6.0,-2.8939462705,0.014054269999999,1.5053,2.0069223,mp-1048863,12.464865319508796,5.633983786058852,7.0
2,6,10,1.0,1.66,1.91,1.155,0.521,0.5714285714285715,0.9282933737238288,0.0259111094666292,1.785,0.25,8.0,-2.54036150849999,0.075222478333326,0.6463,0.0010837,mp-1048901,11.611164356378902,5.515545529410508,7.0
2,6,6,1.0,1.66,1.7,1.155,0.521,0.562,0.9305474248125842,0.0211176924949175,1.68,0.04,6.0,-2.890700132,0.061542932458339,1.85259999999999,2.0028681,mp-1048921,12.585586368726679,6.739692934140853,7.0
2,8,9,1.0,1.83,1.88,1.155,0.6216666666666666,0.6255555555555555,0.8927890420152633,0.0019217570340538,1.855,0.0499999999999998,8.5,-2.399504409,0.047697685833332,0.0,15.9981038,mp-1043894,11.642937667341483,5.5588075179220855,7.0
2,8,6,1.0,1.83,2.16,1.155,0.6216666666666666,0.58,0.9029526823622548,0.0208246563827614,1.995,0.33,7.0,-2.712180774,0.023970996249999,1.21859999999999,14.0000305,mp-1044000,12.626269762845677,5.61258196750145,7.0
2,8,10,1.0,1.83,1.91,1.155,0.6216666666666666,0.5714285714285715,0.9048909267456264,0.02516248284471,1.87,0.0799999999999998,9.0,-2.352552896,0.0,0.0,10.0129448,mp-1043874,11.522620477138805,5.613395899625597,7.0
2,8,10,1.0,1.83,1.91,1.155,0.6216666666666666,0.5714285714285715,0.9048909267456264,0.02516248284471,1.87,0.0799999999999998,9.0,-2.348544327,0.004008568999999,0.357999999999999,10.0002619,mp-1638745,11.561666083014893,5.594438558845341,1.0
2,8,6,1.0,1.83,1.7,1.155,0.6216666666666666,0.562,0.9070326292144222,0.0299556522316346,1.765,0.1300000000000001,7.0,-2.7854485645,0.037199050749997,0.220399999999999,2.0002215,mp-1044027,12.993233061216703,6.5774324220087905,1.0
2,8,6,1.0,1.83,1.7,1.155,0.6216666666666666,0.562,0.9070326292144222,0.0299556522316346,1.765,0.1300000000000001,7.0,-2.78816411,0.034483505249998,2.471,0.001670799999999,mp-1638691,13.027474360234928,6.560144356486158,1.0
2,6,7,1.0,1.66,1.55,1.155,0.521,0.586,0.924831238944292,0.0332736114495655,1.605,0.1099999999999998,6.5,-2.8557681932931,0.106913039966663,0.0,6.5e-06,mp-1049271,11.553806091474751,5.488954357158077,7.0
2,8,7,1.0,1.83,1.55,1.155,0.6216666666666666,0.586,0.9016008443620231,0.0177992181563008,1.69,0.28,7.5,-2.6976986797931,0.057458161166655,1.07569999999999,3.9e-06,mp-40066,11.661613987750519,5.493016595908859,7.0
2,8,7,1.0,1.83,1.55,1.155,0.6216666666666666,0.586,0.9016008443620231,0.0177992181563008,1.69,0.28,7.5,-2.6905718437931,0.064584997166653,1.4781,3.9943381,mp-41963,11.659654037587705,5.493939954246661,7.0
2,7,6,1.0,1.55,2.16,1.155,0.586,0.58,0.911073033427838,0.0030257186066435,1.855,0.6100000000000001,6.5,-2.8261777087931,0.063149547641668,1.3872,7.9999727,mp-684705,13.074039545094882,5.40883866250521,7.0
2,7,5,1.0,1.55,1.6,1.155,0.586,0.677142857142857,0.8892908218212245,0.0448632304117824,1.5750000000000002,0.05,6.0,-3.2073120405431,0.007620192874997,2.4089,0.0,mp-1227173,13.242378182052581,5.302040551051733,7.0
2,7,5,1.0,1.55,1.6,1.155,0.586,0.677142857142857,0.8892908218212245,0.0448632304117824,1.5750000000000002,0.05,6.0,-3.1625631067931,0.052369126624997,2.44389999999999,10.0000037,mp-694885,14.188332918930584,4.9485465639114405,7.0
2,5,9,1.0,1.6,1.88,1.155,0.677142857142857,0.6255555555555555,0.8807168568457358,0.025147986214382,1.74,0.2799999999999998,7.0,-3.053297722,0.009486787375001,0.713499999999999,4.06e-05,mp-1227224,12.766441266725641,5.551667445841252,1.0
2,6,5,1.0,1.66,1.5,1.155,0.521,0.6940000000000001,0.8999540848295219,0.0861768368188409,1.58,0.1599999999999999,5.5,-3.29182253648333,0.035145320874999,2.10459999999999,5e-07,mp-1040806,13.247771022010443,6.3665608015110875,7.0
2,8,5,1.0,1.83,1.5,1.155,0.6216666666666666,0.6940000000000001,0.877941763332387,0.0351502389073539,1.665,0.33,6.5,-3.21720305373333,0.0,1.89719999999999,8.0000221,mp-1043970,12.986158573611002,6.544034103437891,1.0
2,6,4,1.0,1.66,1.54,1.155,0.521,0.6341666666666667,0.913568492833326,0.0572247271212045,1.6,0.1199999999999998,5.0,-3.37671719458333,0.006414756125,2.68769999999999,2e-06,mp-39159,11.870125037639742,5.243764445793687,7.0
2,8,4,1.0,1.83,1.54,1.155,0.6216666666666666,0.6341666666666667,0.8908935238800106,0.0061639613694692,1.685,0.29,6.0,-3.20054750483333,0.00395897575,0.0,1e-06,mp-1043825,12.003887582596931,5.238574927418067,7.0
2,7,4,1.0,1.55,1.54,1.155,0.586,0.6341666666666667,0.8987974753763524,0.0239625222715663,1.545,0.01,5.5,-3.26121205637643,0.088569546619055,0.2488,0.0,mp-40866,12.069246156458092,5.197728200037143,7.0
2,6,5,1.0,1.66,1.63,1.155,0.521,0.576875,0.9269962865798124,0.0286694673232623,1.645,0.03,5.5,-3.06073793449999,0.012913291580348,1.5655,3.9962311,mp-1048855,11.791066170802806,5.322222050761969,7.0
2,8,5,1.0,1.83,1.63,1.155,0.6216666666666666,0.576875,0.9036583714275724,0.022404001447659,1.73,0.2000000000000001,6.5,-2.888186702,0.012774371857144,0.0,10.0000008,mp-1043924,11.944500683787785,5.307362688213574,7.0
2,8,5,1.0,1.83,1.63,1.155,0.6216666666666666,0.576875,0.9036583714275724,0.022404001447659,1.73,0.2000000000000001,6.5,-2.7651151875,0.135845886357143,1.0776,6.0000195,mp-1227087,11.926990790135315,5.315154373298346,216.0
2,8,5,1.0,1.83,1.63,1.155,0.6216666666666666,0.576875,0.9036583714275724,0.022404001447659,1.73,0.2000000000000001,6.5,-2.87007376883333,0.030887305023812,0.1109,18.0006479,mp-684837,11.86993568824341,5.340702672994702,1.0
2,8,7,1.0,1.83,1.55,1.155,0.6216666666666666,0.586,0.9016008443620231,0.0177992181563008,1.69,0.28,7.5,-2.0965567557931,0.014174021791656,0.704899999999999,15.9977427,mp-1227209,11.629106366665068,6.508982950612302,7.0
2,7,9,1.0,1.55,2.2,1.155,0.586,0.625,0.9008515708275396,0.0194465220546265,1.875,0.6500000000000001,8.0,-1.76091609532567,0.08423449462963,0.0,4.4633784,mp-1342876,11.65781493017625,6.065244355105338,7.0
2,7,6,1.0,1.55,1.7,1.155,0.586,0.562,0.915226861846234,0.012158054705087,1.625,0.1499999999999999,6.5,-2.313512528659,0.111371464351847,0.855699999999999,8.3e-06,mp-1290713,12.078138291437966,5.726205617521342,7.0
2,8,4,1.0,1.83,1.3,1.155,0.6216666666666666,0.72,0.8724303381801499,0.0474849094338102,1.565,0.53,6.0,-3.11856206874999,0.180109948,2.0833,5.0000007,mp-1519219,12.90757223768399,6.620910120335031,216.0
2,4,4,1.0,1.3,1.54,1.155,0.72,0.6341666666666667,0.8698051716669609,0.041323971895852,1.42,0.24,4.0,-3.52450232808333,0.19043320675,0.0,0.003676,mp-1521542,12.923837582593361,6.510070793645032,216.0
2,7,4,1.0,1.55,1.54,1.155,0.586,0.6341666666666667,0.8987974753763524,0.0239625222715663,1.545,0.01,5.5,-3.08497643187643,0.174806552749999,0.0,3.66e-05,mp-41742,11.884980878783526,5.352874641130271,7.0
2,6,4,1.0,1.66,1.33,1.155,0.521,0.7466666666666667,0.8883018070819494,0.1109563221612933,1.495,0.3299999999999998,5.0,-3.20695342975,0.199055479000001,2.4074,3.0000005,mp-1522086,12.95516269818086,5.428715344982825,216.0
2,8,4,1.0,1.83,1.54,1.155,0.6216666666666666,0.6341666666666667,0.8908935238800106,0.0061639613694692,1.685,0.29,6.0,-3.12357412141666,0.019325853499998,1.3812,15.9990178,mp-1200872,10.935961027595487,4.367789056694328,137.0
2,7,4,1.0,1.55,1.54,1.155,0.586,0.6341666666666667,0.8987974753763524,0.0239625222715663,1.545,0.01,5.5,-3.23747311970977,0.017872486999987,1.57999999999999,19.9994819,mp-1194928,11.13131726932551,4.277604018246368,105.0
2,5,4,1.0,1.6,1.54,1.155,0.677142857142857,0.6341666666666667,0.8788722011064395,0.0209063269045539,1.57,0.06,4.5,-2.86222059899999,0.179617786326392,0.0,4.7e-06,mp-1520239,12.82855660393366,5.069754530681951,216.0
2,4,5,1.0,1.33,1.6,1.155,0.7466666666666667,0.677142857142857,0.8554636827928122,0.0329199548885835,1.465,0.27,4.5,-2.92802271066666,0.195873470513893,0.5202,0.0,mp-1517467,14.088089322211697,5.127539338647408,216.0
2,9,9,1.0,1.88,2.2,1.155,0.6255555555555555,0.625,0.8920543370022032,0.0002743107939943,2.04,0.3200000000000003,9.0,-2.12642163525,0.0,0.0,5.0487675,mp-1287594,11.801970581321115,6.012154058165532,1.0
2,9,9,1.0,1.88,2.2,1.155,0.6255555555555555,0.625,0.8920543370022032,0.0002743107939943,2.04,0.3200000000000003,9.0,-2.09678702925,0.029634606000013,0.0,2.22924,mp-1310548,11.486122962253335,6.177477427154414,1.0
2,9,9,1.0,1.88,2.28,1.155,0.6255555555555555,0.605,0.896480795461309,0.0101998621589635,2.08,0.3999999999999999,9.0,-1.9179904905,0.149276850833322,0.074599999999999,3.9994028,mp-1378169,13.1845694121549,4.256850570160716,5.0
2,9,6,1.0,1.88,1.7,1.155,0.6255555555555555,0.562,0.9061480398806266,0.0318769504967179,1.79,0.1799999999999999,7.5,-2.5920701,0.024863830999991,0.0,0.0022291,mp-1045281,12.325899504067113,5.643744841814745,1.0
2,9,6,1.0,1.88,1.7,1.155,0.6255555555555555,0.562,0.9061480398806266,0.0318769504967179,1.79,0.1799999999999999,7.5,-2.49281580799999,0.124118122999992,1.49299999999999,3.0007263,mp-1398590,12.6539287939817,5.4974413780399125,8.0
2,9,6,1.0,1.88,1.7,1.155,0.6255555555555555,0.562,0.9061480398806266,0.0318769504967179,1.79,0.1799999999999999,7.5,-2.61693393099999,0.0,1.2029,6.0001157,mp-19161,12.11106840200257,5.743855904182922,14.0
2,9,6,1.0,2.2,1.66,1.155,0.625,0.521,0.9156907375996642,0.0527116066636028,1.93,0.5400000000000003,7.5,-2.40174064049999,0.0,0.0,2.0272945,mp-1367307,11.554616174778111,6.041164201540384,14.0
2,6,6,1.0,1.7,1.66,1.155,0.562,0.521,0.9305474248125842,0.0211176924949175,1.68,0.04,6.0,-2.768614624,0.034184157694442,1.69519999999999,1.99933199999999,mp-1045238,12.04529532156618,5.679586775849965,1.0
2,6,6,1.0,1.7,1.66,1.155,0.562,0.521,0.9305474248125842,0.0211176924949175,1.68,0.04,6.0,-2.7694489315,0.033349850194442,1.8837,1.45e-05,mp-1272359,12.037712166124415,5.683164630908459,2.0
2,6,6,1.0,1.7,1.66,1.155,0.562,0.521,0.9305474248125842,0.0211176924949175,1.68,0.04,6.0,-2.78768432349999,0.015114458194442,1.7595,3.9998085,mp-1282800,11.941086788228393,5.729151896543961,14.0
2,6,6,1.0,1.7,1.66,1.155,0.562,0.521,0.9305474248125842,0.0211176924949175,1.68,0.04,6.0,-2.76834286299999,0.034455918694442,1.6023,2.0041526,mp-1445093,12.073693330763463,5.666228066706145,1.0
2,8,9,1.0,1.83,2.2,1.155,0.6216666666666666,0.625,0.8929116105273038,0.0016474464571759,2.015,0.3700000000000001,8.5,-2.24188327125,0.0,0.0,7.9770048,mp-1306506,11.745117165518018,5.997595212302743,14.0
2,8,6,1.0,1.83,2.16,1.155,0.6216666666666666,0.58,0.9029526823622548,0.0208246563827614,1.995,0.33,7.0,-2.54806293299999,0.003955293000005,1.1193,11.9991657,mp-18783,11.958144012651072,4.55382427476988,14.0
2,7,8,1.0,1.9,1.83,1.155,0.534,0.6216666666666666,0.9134530169136528,0.0443245976012515,1.865,0.0699999999999998,7.5,-2.55467773025,0.0,0.0,11.9999981,mp-31763,11.486449701289557,6.04577361198285,14.0
2,8,6,1.0,1.83,1.7,1.155,0.6216666666666666,0.562,0.9070326292144222,0.0299556522316346,1.765,0.1300000000000001,7.0,-2.65016495749999,0.0223446715,3.26309999999999,0.000117799999999,mp-1048318,12.614454742308997,5.473992044238918,1.0
2,8,6,1.0,1.83,1.7,1.155,0.6216666666666666,0.562,0.9070326292144222,0.0299556522316346,1.765,0.1300000000000001,7.0,-2.672509629,0.0,3.0012,8.0009437,mp-1275487,12.325149793836086,5.602481597127895,14.0
2,8,6,1.0,1.83,1.7,1.155,0.6216666666666666,0.562,0.9070326292144222,0.0299556522316346,1.765,0.1300000000000001,7.0,-2.486460758,0.186048871,0.0,4.0000202,mp-19059,12.424134505449587,5.557845890313195,225.0
2,8,6,1.0,1.83,1.7,1.155,0.6216666666666666,0.562,0.9070326292144222,0.0299556522316346,1.765,0.1300000000000001,7.0,-2.54678106799999,0.125728561,2.7594,4.0000248,mp-19864,12.794949812729289,5.396771844553409,44.0
2,8,6,1.0,1.83,1.7,1.155,0.6216666666666666,0.562,0.9070326292144222,0.0299556522316346,1.765,0.1300000000000001,7.0,-2.485544567,0.186965062,2.5738,4.0002187,mp-619611,12.49924768175076,5.524446483497427,166.0
2,8,6,1.0,1.83,1.7,1.155,0.6216666666666666,0.562,0.9070326292144222,0.0299556522316346,1.765,0.1300000000000001,7.0,-2.50112905749999,0.1713805715,1.875,12.0000017,mp-623098,12.490245869252615,5.528427992902529,25.0
2,5,4,1.0,1.6,1.3,1.155,0.677142857142857,0.72,0.8608988956610052,0.0204220558105546,1.4500000000000002,0.3,4.5,-3.332170996,0.186267606374993,0.0,0.029183999999999,mp-1523252,13.555481313555427,5.482448149549014,225.0
2,4,4,1.0,1.3,1.54,1.155,0.72,0.6341666666666667,0.8698051716669609,0.041323971895852,1.42,0.24,4.0,-3.57240327933333,0.116109330750001,2.4866,0.0,mp-1516534,12.749149285933758,5.242566145530821,225.0
2,4,4,1.0,1.33,1.3,1.155,0.7466666666666667,0.72,0.8468708556247503,0.0124999999941404,1.315,0.03,4.0,-3.57214105499999,0.173415511250002,3.4088,0.0,mp-1522139,14.118504516340565,5.244029747356089,225.0
2,9,9,1.0,2.28,2.2,1.155,0.605,0.625,0.8966043798003146,0.0099255583077292,2.24,0.0799999999999996,9.0,-2.10618437699999,0.0,0.0,2.0008454,mp-1227404,11.293544878215041,6.929360020173331,12.0
2,9,6,1.0,2.2,1.7,1.155,0.625,0.562,0.9062743041338328,0.0316027087877588,1.95,0.5000000000000002,7.5,-2.39178485199999,0.155703282250001,1.1277,2.0000085,mp-1369951,12.169812667743457,7.534752653632232,14.0
2,7,9,1.0,1.55,2.2,1.155,0.586,0.625,0.9008515708275396,0.0194465220546265,1.875,0.6500000000000001,8.0,-2.2980209892931,0.020710273166668,0.0,8.3378266,mp-39440,11.971153883533136,5.87176940022549,14.0
2,5,7,1.0,1.6,1.55,1.155,0.677142857142857,0.586,0.8892908218212245,0.0448632304117824,1.5750000000000002,0.05,6.0,-3.0011409197931,0.013132983374999,0.0,5.29999999999999e-06,mp-1227519,12.129050971342433,4.435708839790534,14.0
2,7,10,1.0,1.55,1.91,1.155,0.586,0.5714285714285715,0.9130463343442388,0.0073640892317124,1.73,0.3599999999999999,8.5,-1.9918063322931,0.188666540791666,0.0,9.9965697,mp-1326305,12.858889140483814,3.742138149783073,5.0
2,7,7,1.0,1.9,1.55,1.155,0.534,0.586,0.9217641965713484,0.0265306122313618,1.725,0.3499999999999998,7.0,-2.6559970390431,0.000765378702379,0.1472,15.2418359,mp-1106155,11.763705471827445,5.890479937996522,14.0
2,7,8,1.0,1.55,2.2,1.155,0.586,0.521,0.924831238944292,0.0332736114495655,1.875,0.6500000000000001,7.5,-2.3941978387931,0.0,0.0,2.1036916,mp-1227575,11.789393497731115,4.678488305428963,14.0
2,7,6,1.0,1.55,1.7,1.155,0.586,0.562,0.915226861846234,0.012158054705087,1.625,0.1499999999999999,6.5,-2.7569592952931,0.020584987000058,2.6496,1e-06,mp-1045241,12.91833525785324,5.333568149874444,1.0
2,7,6,1.0,1.55,1.7,1.155,0.586,0.562,0.915226861846234,0.012158054705087,1.625,0.1499999999999999,6.5,-2.7553590757931,0.022185206500058,2.5151,5.0002154,mp-1391233,12.908458559015063,5.337649043507744,1.0
2,7,6,1.0,1.55,1.7,1.155,0.586,0.562,0.915226861846234,0.012158054705087,1.625,0.1499999999999999,6.5,-2.7775442822931,0.0,2.1817,0.0,mp-19108,12.546597937274633,5.491593962375167,14.0
2,6,6,1.0,1.7,2.16,1.155,0.562,0.58,0.9166199012092746,0.0091324200866908,1.93,0.4600000000000002,6.0,-2.63737325399999,0.024651902499998,1.9254,4.0000026,mp-1047241,12.945109734646664,5.8484908857910565,2.0
2,6,6,1.0,1.7,2.16,1.155,0.562,0.58,0.9166199012092746,0.0091324200866908,1.93,0.4600000000000002,6.0,-2.661461421,0.000563735499998,1.55059999999999,7.9999718,mp-1347979,12.736444286091908,5.944308678154394,14.0
2,5,6,1.0,1.6,1.66,1.155,0.677142857142857,0.521,0.9037485101688696,0.0781076928183261,1.63,0.0599999999999998,5.5,-3.11584376349999,0.0,2.7637,2.8e-06,mp-1214115,11.94162620293103,4.464418517610012,14.0
2,5,8,1.0,1.6,1.83,1.155,0.677142857142857,0.6216666666666666,0.8815524677658745,0.0270694161935879,1.715,0.2299999999999999,6.5,-2.94169549199999,0.0,2.08709999999999,0.0,mp-1214121,12.095821897104319,4.46034527392426,14.0
2,10,9,1.0,1.91,2.2,1.155,0.5714285714285715,0.625,0.9041361770899842,0.0268096514611139,2.055,0.2900000000000002,9.5,-2.094400157,0.0,0.0,5.4432862,mp-1047142,11.816251340301108,6.001518111447831,14.0
2,10,6,1.0,1.91,1.7,1.155,0.5714285714285715,0.562,0.9186173296269686,0.0047940727803038,1.805,0.2099999999999999,8.0,-2.50167008399999,0.106510789000001,0.5975,1.9999969,mp-1397424,12.354804632623164,5.627317866817707,5.0
2,10,6,1.0,1.91,1.7,1.155,0.5714285714285715,0.562,0.9186173296269686,0.0047940727803038,1.805,0.2099999999999999,8.0,-2.608180873,0.0,2.933,0.0,mp-19114,11.991527552407973,5.797794530042302,14.0
2,10,6,1.0,1.91,1.7,1.155,0.5714285714285715,0.562,0.9186173296269686,0.0047940727803038,1.805,0.2099999999999999,8.0,-2.50652113299999,0.101659740000001,1.50129999999999,4.0002619,mp-556384,14.438266711226087,4.815288028731708,14.0
2,9,5,1.0,1.88,1.5,1.155,0.6255555555555555,0.6940000000000001,0.8771129802461293,0.0332290430305824,1.69,0.3799999999999999,7.0,-2.88907456023333,0.037270560114286,0.361199999999999,7.99913169999999,mp-1377373,11.967750152288794,5.772512213450003,11.0
2,5,6,1.0,1.5,1.66,1.155,0.6940000000000001,0.521,0.8999540848295219,0.0861768368188409,1.58,0.1599999999999999,5.5,-3.23331910423333,0.0,2.7922,3.9e-06,mp-1214103,11.927720101117433,5.695309046362524,14.0
2,5,6,1.0,1.5,1.66,1.155,0.6940000000000001,0.521,0.8999540848295219,0.0861768368188409,1.58,0.1599999999999999,5.5,-3.21016376548333,0.023155338749967,2.63519999999999,0.0,mp-1345721,11.959801828241519,5.680031589985172,11.0
2,8,5,1.0,1.83,1.5,1.155,0.6216666666666666,0.6940000000000001,0.877941763332387,0.0351502389073539,1.665,0.33,6.5,-3.03563844373333,0.005046326249999,1.2064,10.0000289,mp-1341944,12.105587342798927,5.664423801576285,11.0
2,5,7,1.0,1.5,1.55,1.155,0.6940000000000001,0.586,0.8856165810320602,0.0529411764446367,1.525,0.05,6.0,-3.11306568052643,0.008585782196426,0.0,8.5e-06,mp-558810,12.190595704759534,5.612570157566,11.0
2,5,6,1.0,1.5,2.16,1.155,0.6940000000000001,0.58,0.8869208764381349,0.0559646538753241,1.83,0.6600000000000001,5.5,-3.08376108273333,0.0,1.4283,6.0035494,mp-1366540,12.759468572783703,5.895943709905862,11.0
2,5,10,1.0,1.5,1.91,1.155,0.6940000000000001,0.5714285714285715,0.8887908340095657,0.0602993885429687,1.705,0.4099999999999999,7.5,-2.77180654573333,0.086347068833335,0.0,5.9979182,mp-1367927,11.874598896127656,5.8144418711707,11.0
2,5,4,1.0,1.5,1.54,1.155,0.6940000000000001,0.6341666666666667,0.8752833745307649,0.0289878476988228,1.52,0.04,4.5,-3.44584108006666,0.004500878789054,0.0,0.051590699999999,mp-1373655,12.072127880202867,5.570384912646935,11.0
2,5,5,1.0,1.5,1.63,1.155,0.6940000000000001,0.576875,0.887601719681395,0.057542911507947,1.565,0.1299999999999999,5.0,-3.25461470673333,0.0,0.431499999999999,4.0166216,mp-1373426,12.08551657359359,5.606457227671371,11.0
2,5,6,1.0,1.5,1.7,1.155,0.6940000000000001,0.562,0.8908569158292394,0.0650887573643546,1.6,0.1999999999999999,5.5,-3.03421970973333,0.072614909499996,2.1053,6.0001084,mp-1367958,12.808499466456723,7.012940674626985,14.0
2,5,6,1.0,1.5,1.7,1.155,0.6940000000000001,0.562,0.8908569158292394,0.0650887573643546,1.6,0.1999999999999999,5.5,-3.00860780723333,0.098226811999994,0.0,6.0008775,mp-1372505,12.820205278669098,7.006537332027605,11.0
2,5,6,1.0,1.5,1.7,1.155,0.6940000000000001,0.562,0.8908569158292394,0.0650887573643546,1.6,0.1999999999999999,5.5,-3.00570899673333,0.101125622499996,2.2589,3.0000966,mp-1443834,13.020179160809224,6.898925566218523,146.0
2,4,6,1.0,1.54,1.66,1.155,0.6341666666666667,0.521,0.913568492833326,0.0572247271212045,1.6,0.1199999999999998,5.0,-3.08988691783333,0.029853680000003,1.1492,3.9999843,mp-1227758,11.202973229513026,4.09118643763296,14.0
2,4,9,1.0,1.54,2.2,1.155,0.6341666666666667,0.625,0.8901619340433699,0.0045165263783946,1.87,0.6600000000000001,6.5,-2.81191228433333,0.017106052750003,0.0,2.0018786,mp-1340170,11.630815902106217,5.942633860978298,14.0
2,7,4,1.0,1.55,1.54,1.155,0.586,0.6341666666666667,0.8987974753763524,0.0239625222715663,1.545,0.01,5.5,-3.02551289537643,0.020287187166669,0.875,1e-07,mp-1080507,11.10721717124437,4.170439173439752,87.0
2,7,4,1.0,1.55,1.54,1.155,0.586,0.6341666666666667,0.8987974753763524,0.0239625222715663,1.545,0.01,5.5,-3.04050740012643,0.005292682416669,1.947,1.8e-06,mp-1227706,11.112415779165802,4.168488159496993,14.0
2,4,8,1.0,1.54,2.2,1.155,0.6341666666666667,0.521,0.913568492833326,0.0572247271212045,1.87,0.6600000000000001,6.0,-2.88846236583333,0.002925520000021,0.0,3.9594791,mp-1227718,11.622030072716651,4.64483094789977,14.0
2,4,6,1.0,1.54,1.7,1.155,0.6341666666666667,0.562,0.904195433269683,0.0361179463471904,1.62,0.1599999999999999,5.0,-3.08204899183333,0.031877521888885,0.3989,3.99953209999999,mp-1367801,12.071820456398124,5.6103093213858655,14.0
2,4,6,1.0,1.54,1.7,1.155,0.6341666666666667,0.562,0.904195433269683,0.0361179463471904,1.62,0.1599999999999999,5.0,-2.98142942733333,0.132497086388884,0.0,2.0000631,mp-1384639,12.678776060833778,5.34173381623503,8.0
2,9,5,1.0,2.2,1.63,1.155,0.625,0.576875,0.902905675611146,0.0240512259757982,1.915,0.5700000000000003,7.0,-2.484801397,0.092254102660715,0.4312,0.0001271,mp-1379764,11.37022970348075,6.123729683850234,14.0
2,5,6,1.0,1.63,2.16,1.155,0.576875,0.58,0.9131740705915232,0.0015795292994701,1.895,0.5300000000000002,5.5,-2.7241696865,0.054269493705369,0.6962,1.34e-05,mp-1227834,11.885789212707149,4.513039916290266,14.0
2,5,6,1.0,1.63,1.7,1.155,0.576875,0.562,0.9173471233704884,0.0075529180247898,1.665,0.07,5.5,-2.78954517299999,0.050911607958335,0.882899999999999,3.000141,mp-1047139,12.358734258965065,5.521372831515246,2.0
2,5,6,1.0,1.63,1.7,1.155,0.576875,0.562,0.9173471233704884,0.0075529180247898,1.665,0.07,5.5,-2.7925790935,0.047877687458335,1.021,1.3e-06,mp-1274301,12.411561320643271,5.49787233100741,2.0
2,5,6,1.0,1.63,1.7,1.155,0.576875,0.562,0.9173471233704884,0.0075529180247898,1.665,0.07,5.5,-2.81378807449999,0.026668706458334,0.0,3.21e-05,mp-1296431,12.291460549876403,5.551592448470462,14.0
2,8,4,1.0,1.83,1.33,1.155,0.6216666666666666,0.7466666666666667,0.8668490165463449,0.0599760095673845,1.58,0.5,6.0,-2.79985233499999,0.149494715000002,0.0,4.0000008,mp-1521637,12.711532193909859,4.222321545691905,225.0
2,5,4,1.0,1.6,1.33,1.155,0.677142857142857,0.7466666666666667,0.8554636827928122,0.0329199548885835,1.465,0.27,4.5,-3.253079747,0.189977358624991,0.0,2.95e-05,mp-1517008,13.841685106920727,4.322187850885165,225.0
2,4,4,1.0,1.33,1.54,1.155,0.7466666666666667,0.6341666666666667,0.864257281397093,0.053817022099031,1.435,0.2099999999999999,4.0,-3.47944129033333,0.133689823,2.39329999999999,0.0,mp-1518628,13.028805251542689,4.017820297507267,225.0
2,9,9,1.0,1.88,2.28,1.155,0.6255555555555555,0.605,0.896480795461309,0.0101998621589635,2.08,0.3999999999999999,9.0,-2.36539018795454,0.019429934545461,0.0,4.0,mp-1652492,12.314118808184634,4.634727995621488,1.0
2,9,9,1.0,1.88,2.28,1.155,0.6255555555555555,0.605,0.896480795461309,0.0101998621589635,2.08,0.3999999999999999,9.0,-2.36658837590909,0.018231746590915,0.024499999999999,8.0001022,mp-1666380,12.266367019899038,4.652770546414988,2.0
2,9,9,1.0,1.88,2.28,1.155,0.6255555555555555,0.605,0.896480795461309,0.0101998621589635,2.08,0.3999999999999999,9.0,-2.3656653290909,0.019154793409096,0.0,4.0385332,mp-1983384,12.308152995561288,4.636974467435093,1.0
2,9,9,1.0,1.88,2.28,1.155,0.6255555555555555,0.605,0.896480795461309,0.0101998621589635,2.08,0.3999999999999999,9.0,-2.36578515477272,0.019034967727278,0.0,0.0463643,mp-1986469,12.241459252917167,4.66223756519076,1.0
2,9,9,1.0,1.88,2.28,1.155,0.6255555555555555,0.605,0.896480795461309,0.0101998621589635,2.08,0.3999999999999999,9.0,-2.36637120431818,0.018448918181825,0.2555,0.0029689,mp-551544,12.254391720659704,4.657317350602041,1.0
2,9,9,1.0,1.88,2.28,1.155,0.6255555555555555,0.605,0.896480795461309,0.0101998621589635,2.08,0.3999999999999999,9.0,-2.32800403636363,0.056816086136369,0.760399999999999,8.0017292,mp-551706,12.17626933789357,4.68719848402891,167.0
2,8,9,1.0,1.83,2.28,1.155,0.6216666666666666,0.605,0.8973466019687626,0.0082781456912525,2.055,0.4499999999999997,8.5,-2.46065435681818,0.016226191250008,0.8859,2e-06,mp-18843,12.264435395201616,4.615491974701534,167.0
2,9,7,1.0,1.88,1.55,1.155,0.6255555555555555,0.586,0.9007268129654592,0.0197208065489981,1.715,0.3299999999999998,8.0,-2.60747788526645,0.0,2.1034,0.0046606,mp-1232815,11.931893353921549,4.176329269002319,1.0
2,9,7,1.0,1.88,1.55,1.155,0.6255555555555555,0.586,0.9007268129654592,0.0197208065489981,1.715,0.3299999999999998,8.0,-2.60746227708463,1.56081818181164e-05,0.442099999999999,0.0055613,mp-561610,11.917915307022012,4.181227518812471,1.0
2,7,10,1.0,1.55,1.91,1.155,0.586,0.5714285714285715,0.9130463343442388,0.0073640892317124,1.73,0.3599999999999999,8.5,-2.57526185935736,0.00090297787879,0.0,1.9988883,mp-22533,11.919189604183323,4.177743462878381,167.0
2,10,4,1.0,1.91,1.54,1.155,0.5714285714285715,0.6341666666666667,0.902067092606632,0.0313252295739214,1.725,0.3699999999999999,7.0,-2.98184012848484,0.058222049318183,3.1552,4.0064996,mp-997184,12.254905147944891,3.97619437810343,167.0
2,9,6,1.0,1.88,1.7,1.155,0.6255555555555555,0.562,0.9061480398806266,0.0318769504967179,1.79,0.1799999999999999,7.5,-1.99332652999999,0.181525708333335,0.0,2.0002192,mp-1372511,11.818654067889813,5.914296623796742,7.0
2,5,4,1.0,1.6,1.3,1.155,0.677142857142857,0.72,0.8608988956610052,0.0204220558105546,1.4500000000000002,0.3,4.5,-3.35924014749999,0.13301374258334,0.0,6.481245,mp-1522808,13.697547693541901,6.781968053600216,216.0
2,4,4,1.0,1.3,1.54,1.155,0.72,0.6341666666666667,0.8698051716669609,0.041323971895852,1.42,0.24,4.0,-3.59718215083333,0.0925478675,0.0,7.0000165,mp-1519554,12.905247576770108,6.618808771327045,216.0
2,4,5,1.0,1.3,1.63,1.155,0.72,0.576875,0.8819687324157962,0.0698703279597887,1.465,0.3299999999999998,4.5,-3.2651381615,0.140260932562501,0.0,8.0000001,mp-1519493,12.566456741662883,6.837878039967051,216.0
2,4,4,1.0,1.33,1.3,1.155,0.7466666666666667,0.72,0.8468708556247503,0.0124999999941404,1.315,0.03,4.0,-3.6019453195,0.128619155250001,0.3977,6.9999998,mp-1522072,14.278600951572495,6.486417360672138,216.0
2,7,6,1.0,1.55,1.7,1.155,0.586,0.562,0.915226861846234,0.012158054705087,1.625,0.1499999999999999,6.5,-2.6462208132931,0.114910687250002,0.283999999999999,11.9994527,mp-1517301,13.342167285350746,6.556650582792082,216.0
2,8,5,1.0,1.83,1.6,1.155,0.6216666666666666,0.677142857142857,0.8815524677658745,0.0270694161935879,1.715,0.2299999999999999,6.5,-2.8604638795,0.110771709625007,0.0,11.7352481,mp-1521619,12.790242034669873,5.670780057397812,216.0
2,4,7,1.0,1.33,1.55,1.155,0.7466666666666667,0.586,0.8743302913276578,0.0777544764908431,1.44,0.2199999999999999,5.5,-3.0254176532931,0.182227418500001,0.0,10.0000002,mp-1521618,12.729724929541803,5.663962156729035,216.0
2,4,5,1.0,1.33,1.6,1.155,0.7466666666666667,0.677142857142857,0.8554636827928122,0.0329199548885835,1.465,0.27,4.5,-3.2841151115,0.143949902625012,0.0,6.7208012,mp-1519002,13.990769939089457,5.604085477266591,216.0
2,4,4,1.0,1.33,1.54,1.155,0.7466666666666667,0.6341666666666667,0.864257281397093,0.053817022099031,1.435,0.2099999999999999,4.0,-3.50778114083333,0.106567380749998,0.0,7.0027481,mp-1518717,13.039413131713317,5.439394005082528,216.0
2,4,5,1.0,1.33,1.63,1.155,0.7466666666666667,0.576875,0.8762650999340853,0.0823523467493263,1.48,0.2999999999999998,4.5,-3.1782464325,0.153132604000003,0.0,8.0000005,mp-1518352,12.951931578055952,5.515550937298711,216.0
2,7,8,1.0,1.9,1.83,1.155,0.534,0.6216666666666666,0.9134530169136528,0.0443245976012515,1.865,0.0699999999999998,7.5,-2.25660248472222,0.04339175130093,0.685099999999999,10.0002146,mp-1343817,12.506116912554184,5.578547100683759,7.0
2,8,6,1.0,1.83,1.7,1.155,0.6216666666666666,0.562,0.9070326292144222,0.0299556522316346,1.765,0.1300000000000001,7.0,-2.14100436999999,0.150562357500001,0.0,6.0035849,mp-1385922,13.349896162362075,5.1932419267558165,216.0
2,8,6,1.0,1.83,1.7,1.155,0.6216666666666666,0.562,0.9070326292144222,0.0299556522316346,1.765,0.1300000000000001,7.0,-2.14155687777777,0.150009849722223,0.0,6.0,mp-1391360,13.391363526263659,5.177160662709523,8.0
12,9,7,1.22,1.88,1.55,1.0545714285714287,0.6255555555555555,0.586,0.8653222309405939,0.0197208065489981,1.715,0.3299999999999998,8.0,-2.65605649362643,0.196896376944451,0.391799999999999,11.9999905,mp-1237349,11.659773653047276,7.617374396362446,14.0
12,10,8,1.22,1.91,2.2,1.0545714285714287,0.5714285714285715,0.521,0.8918052416730684,0.0259111094666292,2.055,0.2900000000000002,9.0,-2.65071666983333,0.032721849499996,0.0,7.9971609,mp-1213197,11.549236490433954,8.350113346080851,14.0
12,8,5,1.22,1.83,1.63,1.0545714285714287,0.6216666666666666,0.576875,0.8681385595677132,0.022404001447659,1.73,0.2000000000000001,6.5,-3.06145664283333,0.023038897500006,1.3296,13.999983,mp-1225428,11.276275750100982,7.7721061880740985,14.0
9,9,8,,1.88,2.2,1.1569999999999998,0.6255555555555555,0.521,0.9162785185176864,0.0529857259226402,2.04,0.3200000000000003,8.5,-2.339215697,0.075035380249998,0.0,26.0033202,mp-1213340,12.29325965836063,7.563345061466845,14.0
9,9,6,,1.88,1.7,1.1569999999999998,0.6255555555555555,0.562,0.9068573534147796,0.0318769504967179,1.79,0.1799999999999999,7.5,-2.478047705,0.125529957499997,0.0,16.2706353,mp-1520430,12.87053385376186,8.29199843708495,225.0
9,8,6,,1.83,1.7,1.1569999999999998,0.6216666666666666,0.562,0.90774263518641,0.0299556522316346,1.765,0.1300000000000001,7.0,-2.521126592,0.113768692249994,0.0,17.5696206,mp-1521041,12.84650688565441,8.26758905749324,225.0
9,4,8,,1.3,1.83,1.1569999999999998,0.72,0.6216666666666666,0.8731132582100365,0.0474849094338102,1.565,0.53,6.0,-3.06860048,0.156232988249996,0.0,18.0000008,mp-1518318,13.059184202732226,8.064918123364903,225.0
9,4,5,,1.3,1.6,1.1569999999999998,0.72,0.677142857142857,0.8615727891214051,0.0204220558105546,1.4500000000000002,0.3,4.5,-3.389352887,0.04226190400001,0.0,1.267519,mp-1518357,13.583298825745675,8.206801582359004,225.0
9,4,4,,1.3,1.54,1.1569999999999998,0.72,0.6341666666666667,0.8704860367719839,0.041323971895852,1.42,0.24,4.0,-3.62209995733333,0.016994092500002,0.003499999999999,13.9542585,mp-1521653,13.199694464919997,7.878703068482101,225.0
9,4,5,,1.3,1.63,1.1569999999999998,0.72,0.576875,0.8826591188990962,0.0698703279597887,1.465,0.3299999999999998,4.5,-3.305448941,0.05667760725001,0.0,14.9999999,mp-1518592,12.983634080296298,8.049133653506807,225.0
9,4,6,,1.3,1.7,1.1569999999999998,0.72,0.562,0.8858755702437986,0.0774130327891166,1.5,0.3999999999999999,5.0,-3.07431393,0.159715639499994,0.0,15.9999995,mp-1518017,14.089010163759506,8.98397543151761,225.0
9,4,4,,1.3,1.33,1.1569999999999998,0.72,0.7466666666666667,0.8475337682318929,0.0124999999941404,1.315,0.03,4.0,-3.633371646,0.046556860250001,0.3481,13.9999999,mp-1520691,14.413892098391392,7.714507071779554,225.0
9,7,9,,1.55,2.28,1.1569999999999998,0.586,0.605,0.9060746874734704,0.0095214231974335,1.915,0.7299999999999998,8.0,-2.4150232312931,0.090730552083327,0.0,31.9999204,mp-1225753,12.284517155732523,7.539534947301662,14.0
9,7,6,,1.55,1.7,1.1569999999999998,0.586,0.562,0.9159432820903404,0.012158054705087,1.625,0.1499999999999999,6.5,-2.6748747717931,0.069843946999998,0.387599999999999,19.0000014,mp-1516440,13.535108044104513,7.835847042234647,225.0
9,8,5,,1.83,1.6,1.1569999999999998,0.6216666666666666,0.677142857142857,0.8822425284060043,0.0270694161935879,1.715,0.2299999999999999,6.5,-2.886674052,0.082983350249996,0.0,18.5562942,mp-1516596,12.952514169068044,7.0341368244626254,225.0
9,5,6,,1.6,1.7,1.1569999999999998,0.677142857142857,0.562,0.8952751129678591,0.0570135106175924,1.65,0.0999999999999998,5.5,-2.813878178,0.162676300187497,0.0,16.9885395,mp-1519174,13.963719984645374,8.046840442390224,225.0
9,10,6,,1.91,1.7,1.1569999999999998,0.5714285714285715,0.562,0.9193364038575964,0.0047940727803038,1.805,0.2099999999999999,8.0,-2.516327713,0.082602808124994,0.442999999999999,16.0000006,mp-1516887,12.702171576283899,8.398770797776438,225.0
9,5,4,,1.6,1.54,1.1569999999999998,0.677142857142857,0.6341666666666667,0.8795601636904758,0.0209063269045539,1.57,0.06,4.5,-3.34329304933333,0.007749665500037,0.0,13.5124513,mp-1521061,12.868843315290405,6.976926878125172,225.0
9,5,6,,1.63,1.7,1.1569999999999998,0.576875,0.562,0.9180652033105045,0.0075529180247898,1.665,0.07,5.5,-2.733905529,0.080634846749999,0.3942,16.9999997,mp-1520585,12.993122718104226,8.111629260266145,225.0
9,6,4,,1.66,1.33,1.1569999999999998,0.521,0.7466666666666667,0.8889971509622483,0.1109563221612933,1.495,0.3299999999999998,5.0,-3.166097654,0.10693787075,0.0,16.0000008,mp-1520930,13.101540271011682,6.8840200744532325,225.0
9,8,4,,1.83,1.33,1.1569999999999998,0.6216666666666666,0.7466666666666667,0.8675275676356179,0.0599760095673845,1.58,0.5,6.0,-2.974647611,0.188327871499993,0.0,18.0000007,mp-1519374,13.369637694540046,6.793781042490943,225.0
9,5,4,,1.6,1.33,1.1569999999999998,0.677142857142857,0.7466666666666667,0.8561333216834522,0.0329199548885835,1.465,0.27,4.5,-3.317280466,0.074596705250039,0.0,13.599176,mp-1516495,14.151079962893395,6.853510708176198,225.0
9,4,4,,1.33,1.54,1.1569999999999998,0.7466666666666667,0.6341666666666667,0.8649338037308676,0.053817022099031,1.435,0.2099999999999999,4.0,-3.53709541333333,0.062261016749999,0.0034,14.0001123,mp-1520462,13.311375261210648,6.723994424961747,225.0
9,4,5,,1.33,1.63,1.1569999999999998,0.7466666666666667,0.576875,0.8769510217344251,0.0823523467493263,1.48,0.2999999999999998,4.5,-3.217619104,0.097406401812499,0.0,14.9999998,mp-1523032,12.717335844414212,7.078223527550467,225.0
9,4,6,,1.33,1.7,1.1569999999999998,0.7466666666666667,0.562,0.880125931626639,0.0898912866672603,1.515,0.3699999999999999,5.0,-2.984259763,0.187911820749992,0.0,11.6227842,mp-1520588,14.183151222421222,7.902648654665189,225.0
9,6,4,,1.66,1.3,1.1569999999999998,0.521,0.72,0.8948636668454526,0.0984904726065378,1.48,0.3599999999999999,5.0,-2.7592427035,0.174592803916665,0.0,9.8614031,mp-1519362,13.015351137520131,8.770406671441185,216.0
10,9,7,1.2,1.88,1.55,1.0245,0.6255555555555555,0.586,0.8547210011877715,0.0197208065489981,1.715,0.3299999999999998,8.0,-2.8105339522931,0.0,0.9184,40.0000002,mp-1224833,11.364036133038578,7.662180430471371,14.0
10,7,10,1.2,1.55,1.91,1.0245,0.586,0.5714285714285715,0.8664112867387895,0.0073640892317124,1.73,0.3599999999999999,8.5,-2.8014227372931,0.0,0.0,38.0000002,mp-1212655,11.523301798024715,7.552824520143485,14.0
10,10,8,1.2,1.91,2.2,1.0245,0.5714285714285715,0.521,0.880879563441653,0.0259111094666292,2.055,0.2900000000000002,9.0,-2.60155644449999,0.027065080999996,0.0,36.0000013,mp-1212785,11.883484958646445,7.968526746402881,14.0
10,8,5,1.2,1.83,1.63,1.0245,0.6216666666666666,0.576875,0.8575028264290214,0.022404001447659,1.73,0.2000000000000001,6.5,-3.0350072365,0.001298915750007,1.6075,37.9999995,mp-1225231,11.897285331949533,7.219869416996521,14.0
1,5,6,0.82,1.6,1.7,1.5,0.677142857142857,0.562,1.0153687241324958,0.0570135106175924,1.65,0.0999999999999998,5.5,-2.629141614725,0.133338716383327,0.0,2.0,mp-1519547,13.273201009713514,5.653717500256405,216.0
1,4,5,0.82,1.33,1.6,1.5,0.7466666666666667,0.677142857142857,0.9709763914282408,0.0329199548885835,1.465,0.27,4.5,-3.186071456725,0.075079918250001,2.243,0.0,mp-1520344,13.896640918334588,4.293388635638653,216.0
1,8,4,0.82,1.83,1.3,1.5,0.6216666666666666,0.72,0.9902340433355912,0.0474849094338102,1.565,0.53,6.0,-2.595830415225,0.186028146124993,0.0,10.0001713,mp-1521506,12.82350564109699,6.751621852639423,216.0
1,4,4,0.82,1.3,1.54,1.5,0.72,0.6341666666666667,0.9872544022834392,0.041323971895852,1.42,0.24,4.0,-3.29291488855833,0.150275441749997,0.0,6.0007605,mp-1521954,12.882074058817896,6.618086688170635,216.0
1,4,4,0.82,1.33,1.3,1.5,0.7466666666666667,0.72,0.9612232803568594,0.0124999999941404,1.315,0.03,4.0,-3.327640105225,0.166383261137495,0.0,6.000085,mp-1518234,14.386932585862695,6.426267832564777,216.0
1,8,6,0.82,1.83,1.7,1.5,0.6216666666666666,0.562,1.0295086593823188,0.0299556522316346,1.765,0.1300000000000001,7.0,-1.781921515725,0.184555950999996,0.0,4.1747848,mp-1523222,12.8273953503566,7.556923494212704,216.0
1,4,4,0.82,1.3,1.54,1.5,0.72,0.6341666666666667,0.9872544022834392,0.041323971895852,1.42,0.24,4.0,-3.39346604005833,0.182236036249994,0.8886,6.9999997,mp-1521336,12.882082307645865,6.6862205767308405,216.0
1,5,4,0.82,1.6,1.3,1.5,0.677142857142857,0.72,0.977145517580006,0.0204220558105546,1.4500000000000002,0.3,4.5,-2.726267619725,0.180691646416663,0.0,0.000896,mp-1522209,13.86572720193719,7.370795800765703,216.0
1,5,4,0.82,1.6,1.3,1.5,0.677142857142857,0.72,0.977145517580006,0.0204220558105546,1.4500000000000002,0.3,4.5,-2.77546616139166,0.188885555694442,0.0,4.46e-05,mp-1516503,13.72404839527135,6.307570983362347,216.0
1,4,4,0.82,1.33,1.3,1.5,0.7466666666666667,0.72,0.9612232803568594,0.0124999999941404,1.315,0.03,4.0,-2.87165938672499,0.172999919200016,0.802,0.0,mp-1521210,14.377594647412824,7.0889519813430555,216.0
1,9,6,0.82,1.88,1.7,1.5,0.6255555555555555,0.562,1.028504624522042,0.0318769504967179,1.79,0.1799999999999999,7.5,-2.350055765225,0.180428104250001,0.0,3.0,mp-1516194,12.745468054355971,6.732764608565927,216.0
1,8,6,0.82,1.83,1.7,1.5,0.6216666666666666,0.562,1.0295086593823188,0.0299556522316346,1.765,0.1300000000000001,7.0,-2.426766052225,0.1456554655,0.0,4.0000006,mp-1523210,12.79279253314416,6.667772432796315,216.0
1,6,4,0.82,1.66,1.3,1.5,0.521,0.72,1.0149020859803728,0.0984904726065378,1.48,0.3599999999999999,5.0,-3.01300426522499,0.174731604541692,0.0,2.0000005,mp-1522697,12.804505265979392,6.542378199448912,216.0
1,8,4,0.82,1.83,1.3,1.5,0.6216666666666666,0.72,0.9902340433355912,0.0474849094338102,1.565,0.53,6.0,-2.812907237225,0.116860939520829,0.0,4.0000007,mp-1518711,12.921444707367423,6.5326318303231465,216.0
1,5,4,0.82,1.6,1.3,1.5,0.677142857142857,0.72,0.977145517580006,0.0204220558105546,1.4500000000000002,0.3,4.5,-3.311095605225,0.104929074925014,0.0,0.0004458,mp-1520833,13.809519209720847,6.558173862357714,216.0
1,4,4,0.82,1.3,1.54,1.5,0.72,0.6341666666666667,0.9872544022834392,0.041323971895852,1.42,0.24,4.0,-3.50395311455833,0.095198121749999,2.3179,0.0,mp-1516609,13.094142777487658,6.34529990483777,216.0
1,7,6,0.82,1.55,1.7,1.5,0.586,0.562,1.0388093539546297,0.012158054705087,1.625,0.1499999999999999,6.5,-2.6864618590181,0.0,2.4917,9.9995313,mp-1105566,13.636395398677866,6.2442326934955,4.0
1,7,6,0.82,1.55,1.7,1.5,0.586,0.562,1.0388093539546297,0.012158054705087,1.625,0.1499999999999999,6.5,-2.5745978470181,0.111864011999999,1.1266,4.9999998,mp-1520582,13.482398342041739,6.3155548300586135,216.0
1,6,5,0.82,1.66,1.6,1.5,0.521,0.677142857142857,1.0257810878629048,0.0781076928183261,1.63,0.0599999999999998,5.5,-2.93873861622499,0.085636896250004,2.0549,3.0000005,mp-1522297,12.748757496463194,5.456251062835712,216.0
1,8,5,0.82,1.83,1.6,1.5,0.6216666666666666,0.677142857142857,1.0005879281882726,0.0270694161935879,1.715,0.2299999999999999,6.5,-2.765143900225,0.087382842000003,1.71179999999999,5.0000007,mp-1522180,12.96118756960674,5.416135376881874,216.0
1,5,10,0.82,1.6,1.91,1.5,0.677142857142857,0.5714285714285715,1.0130040686713335,0.0522230063256483,1.755,0.3099999999999998,7.5,-2.52554519322499,0.146452209416653,0.0,1.0000006,mp-1520198,12.59198242709752,5.612502628534084,216.0
1,5,6,0.82,1.6,1.7,1.5,0.677142857142857,0.562,1.0153687241324958,0.0570135106175924,1.65,0.0999999999999998,5.5,-2.729330924225,0.195309600749997,0.4343,3.0,mp-1516686,13.830072003358362,6.6126637889218856,216.0
1,10,6,0.82,1.91,1.7,1.5,0.5714285714285715,0.562,1.042657634410258,0.0047940727803038,1.805,0.2099999999999999,8.0,-2.409012613225,0.110722086999995,2.8449,2.0000009,mp-1517874,12.703794398792287,6.7517164279301065,216.0
1,5,4,0.82,1.6,1.54,1.5,0.677142857142857,0.6341666666666667,0.9975457468527104,0.0209063269045539,1.57,0.06,4.5,-3.23912747155833,0.045681297916663,0.0,4.2e-05,mp-1521711,12.844965896416673,5.362004773572665,216.0
1,5,6,0.82,1.63,1.7,1.5,0.576875,0.562,1.041215913023255,0.0075529180247898,1.665,0.07,5.5,-2.643391949225,0.106236448125002,0.5106,2.9999995,mp-1521904,13.00110608497603,6.498307413718177,216.0
1,6,4,0.82,1.66,1.33,1.5,0.521,0.7466666666666667,1.0082486264335238,0.1109563221612933,1.495,0.3299999999999998,5.0,-2.930011246225,0.18971068545834,0.0,2.0000004,mp-1517088,13.053103620934976,5.3076308807447115,216.0
1,8,4,0.82,1.83,1.33,1.5,0.6216666666666666,0.7466666666666667,0.9838990794459492,0.0599760095673845,1.58,0.5,6.0,-2.731194154225,0.128716203083328,0.0,4.0000004,mp-1519849,13.151963881416037,5.316330046273179,216.0
1,4,5,0.82,1.33,1.6,1.5,0.7466666666666667,0.677142857142857,0.9709763914282408,0.0329199548885835,1.465,0.27,4.5,-3.238007250225,0.107891218662517,0.0,0.000184,mp-1522104,14.099530576706922,5.395524856675662,216.0
1,4,4,0.82,1.33,1.54,1.5,0.7466666666666667,0.6341666666666667,0.9809573839732172,0.053817022099031,1.435,0.2099999999999999,4.0,-3.41863078055833,0.107456922000009,2.23469999999999,0.0,mp-1520792,13.347557360433779,5.139172721177057,216.0
1,4,5,0.82,1.33,1.63,1.5,0.7466666666666667,0.576875,0.9945866104926996,0.0823523467493263,1.48,0.2999999999999998,4.5,-3.074095344225,0.163445347531244,0.0,0.999999699999999,mp-1520546,13.104320367292067,5.273523042851793,216.0
1,7,6,0.82,1.55,1.7,1.5,0.586,0.562,1.0388093539546297,0.012158054705087,1.625,0.1499999999999999,6.5,-1.8991533695181,0.177534173000001,0.0,4.9886104,mp-1522301,13.467426330534199,7.1866026586016805,216.0
1,4,4,0.82,1.3,1.54,1.5,0.72,0.6341666666666667,0.9872544022834392,0.041323971895852,1.42,0.24,4.0,-3.43645932280833,0.128941203750002,2.2033,0.0,mp-1516600,12.985725589695821,6.466516945522328,216.0
1,4,4,0.82,1.33,1.3,1.5,0.7466666666666667,0.72,0.9612232803568594,0.0124999999941404,1.315,0.03,4.0,-3.451703276475,0.157516181124995,2.6382,0.0,mp-1521021,14.280359714230807,6.38443398074432,216.0
1,7,6,0.82,1.55,1.7,1.5,0.586,0.562,1.0388093539546297,0.012158054705087,1.625,0.1499999999999999,6.5,-2.6512064642681,0.002017938999999,2.6477,9.9995739,mp-1105240,13.482406946360404,6.381277317017014,4.0
1,8,4,0.82,1.83,1.33,1.5,0.6216666666666666,0.7466666666666667,0.9838990794459492,0.0599760095673845,1.58,0.5,6.0,-2.663656030475,0.158591453229192,0.0,4.0000006,mp-1520724,13.016786141086877,5.439617094308801,216.0
1,4,5,0.82,1.33,1.6,1.5,0.7466666666666667,0.677142857142857,0.9709763914282408,0.0329199548885835,1.465,0.27,4.5,-3.154256782475,0.156023616787511,0.0,7.95e-05,mp-1517399,13.987227032889672,5.502199912024131,216.0
1,4,4,0.82,1.33,1.54,1.5,0.7466666666666667,0.6341666666666667,0.9809573839732172,0.053817022099031,1.435,0.2099999999999999,4.0,-3.34876482580833,0.140485095250024,2.1104,2.85e-05,mp-1523257,13.236474563705215,5.249249262137674,216.0
1,10,6,0.82,1.91,1.7,1.5,0.5714285714285715,0.562,1.042657634410258,0.0047940727803038,1.805,0.2099999999999999,8.0,-1.73030762872499,0.183483020500002,1.3429,2.0000009,mp-1519358,12.658164686280603,7.695320424028842,216.0
1,5,6,0.82,1.63,1.7,1.5,0.576875,0.562,1.041215913023255,0.0075529180247898,1.665,0.07,5.5,-1.985765601725,0.181008061983326,0.0,2.7230868,mp-1520212,12.955169746444492,7.41953998608161,216.0
1,7,4,0.82,1.55,1.33,1.5,0.586,0.7466666666666667,0.9923905459296312,0.0777544764908431,1.44,0.2199999999999999,5.5,-2.2560041515181,0.157698813729165,1.1158,3.0004421,mp-1521496,12.782744017467559,6.368413004249265,216.0
1,4,5,0.82,1.33,1.6,1.5,0.7466666666666667,0.677142857142857,0.9709763914282408,0.0329199548885835,1.465,0.27,4.5,-2.652124309725,0.191646059499999,0.0,4.4e-05,mp-1518641,14.15348042208006,6.197103537793554,216.0
3,9,9,1.1,1.88,2.2,1.1896666666666669,0.6255555555555555,0.625,0.9041578792133224,0.0002743107939943,2.04,0.3200000000000003,9.0,-2.5306732215,0.049378241692314,0.616,7.8834963,mp-18862,12.25949775276452,8.46499933530655,14.0
3,9,10,1.1,1.88,1.91,1.1896666666666669,0.6255555555555555,0.5714285714285715,0.9162762734044398,0.0270839124601382,1.895,0.03,9.5,-2.572758715,0.0,0.997199999999999,2.99835519999999,mp-1223259,11.711177283345709,6.968088938599515,148.0
3,9,10,1.1,1.88,1.91,1.1896666666666669,0.6255555555555555,0.5714285714285715,0.9162762734044398,0.0270839124601382,1.895,0.03,9.5,-2.53207557849999,0.0406831365,0.039,6.0130982,mp-1275360,11.947110137909712,6.8304823462803395,2.0
3,9,8,1.1,1.88,2.2,1.1896666666666669,0.6255555555555555,0.521,0.9279843319468006,0.0529857259226402,2.04,0.3200000000000003,8.5,-2.647642955,0.0,0.0,2.0001214,mp-1211319,11.964995789078852,7.4083874695356595,14.0
3,6,8,1.1,1.66,1.83,1.1896666666666669,0.521,0.6216666666666666,0.9288996586181592,0.0510652688276638,1.745,0.1700000000000001,7.0,-3.01985942249999,0.004915151750001,0.3097,15.9996153,mp-1223369,12.42081246711637,6.439160515640986,14.0
3,6,6,1.1,1.66,2.16,1.1896666666666669,0.521,0.58,0.9388212562670676,0.0302486541757249,1.91,0.5000000000000002,6.0,-3.006532805,0.031685538249998,0.0,0.000219099999999,mp-1223257,12.97299732720887,6.6782975762712,87.0
3,9,8,1.1,1.88,1.83,1.1896666666666669,0.6255555555555555,0.6216666666666666,0.9049025528266904,0.0019217570340538,1.855,0.0499999999999998,8.5,-2.69981866,0.026607310999999,0.0,13.9983729,mp-1223373,12.215765102687303,6.641543632811026,14.0
3,8,10,1.1,1.83,1.91,1.1896666666666669,0.6216666666666666,0.5714285714285715,0.9171686379500028,0.02516248284471,1.87,0.0799999999999998,9.0,-2.662331269,0.000323995249999,0.0,12.0033732,mp-1223335,12.170194849648738,6.663140487303317,14.0
3,4,10,1.1,1.3,1.91,1.1896666666666669,0.72,0.5714285714285715,0.8951254205767242,0.0726256982885209,1.605,0.6099999999999999,7.0,-3.24780299799999,0.187993649374995,2.04339999999999,1.9991191,mp-1078675,13.082371346318041,7.755275917954183,225.0
3,9,7,1.1,1.88,1.55,1.1896666666666669,0.6255555555555555,0.586,0.9129480247786892,0.0197208065489981,1.715,0.3299999999999998,8.0,-3.2242439782931,0.0,0.0,0.080058499999999,mp-19208,12.214078450468987,6.63013045519069,14.0
3,6,7,1.1,1.66,1.55,1.1896666666666669,0.521,0.586,0.937379503634469,0.0332736114495655,1.605,0.1099999999999998,6.5,-3.0808412422931,0.085102830261913,0.762399999999999,0.0004551,mp-1223342,12.443093491648595,6.415526962237362,14.0
3,6,7,1.1,1.66,1.55,1.1896666666666669,0.521,0.586,0.937379503634469,0.0332736114495655,1.605,0.1099999999999998,6.5,-3.0835154882931,0.082428584261911,0.9733,14.0021624,mp-1666963,12.485913417684966,6.3935251766396615,2.0
3,10,7,1.1,1.91,1.55,1.1896666666666669,0.5714285714285715,0.586,0.9254346994808076,0.0073640892317124,1.73,0.3599999999999999,8.5,-2.7739587797931,0.097283240666651,1.27969999999999,4.9934596,mp-1079517,11.75242078176416,6.887186573980846,225.0
3,10,7,1.1,1.91,1.55,1.1896666666666669,0.5714285714285715,0.586,0.9254346994808076,0.0073640892317124,1.73,0.3599999999999999,8.5,-2.8285053492931,0.04273667116665,0.0,9.9998687,mp-1188812,12.018283592872985,6.734831475264807,14.0
3,10,7,1.1,1.91,1.55,1.1896666666666669,0.5714285714285715,0.586,0.9254346994808076,0.0073640892317124,1.73,0.3599999999999999,8.5,-2.8235890007931,0.047653019666652,1.58049999999999,5.0000052,mp-1223253,11.990011867528954,6.750711801974296,148.0
3,9,7,1.1,2.28,1.55,1.1896666666666669,0.605,0.586,0.9176501430037012,0.0095214231974335,1.915,0.7299999999999998,8.0,-2.7626428297931,0.113879322616666,0.377699999999999,0.0027654,mp-1223338,12.777426864898871,6.909271130274484,14.0
3,7,8,1.1,1.55,2.2,1.1896666666666669,0.586,0.521,0.937379503634469,0.0332736114495655,1.875,0.6500000000000001,7.5,-2.7770962212931,0.125961894916656,0.0,9.9909971,mp-1223380,13.164897780141422,6.682764733916074,14.0
3,7,5,1.1,1.55,1.63,1.1896666666666669,0.586,0.576875,0.9241628163185974,0.0046052424037571,1.59,0.0799999999999998,6.0,-3.1588377562931,0.048445869511915,0.0,11.9999606,mp-560369,12.872921117083294,6.187708338661149,14.0
3,6,5,1.1,1.66,1.6,1.1896666666666669,0.521,0.677142857142857,0.9160107208743572,0.0781076928183261,1.63,0.0599999999999998,5.5,-3.13233857599999,0.189042763333343,0.0,2.9978981,mp-1223155,13.450823311885353,6.403607434062192,87.0
3,5,10,1.1,1.6,1.91,1.1896666666666669,0.677142857142857,0.5714285714285715,0.9046009895985738,0.0522230063256483,1.755,0.3099999999999998,7.5,-3.065186532,0.172080328124994,0.207600000000001,5.9999881,mp-1211522,13.033431892305341,6.694008585442639,14.0
3,10,9,1.1,1.91,2.2,1.1896666666666669,0.5714285714285715,0.625,0.9164036477249952,0.0268096514611139,2.055,0.2900000000000002,9.5,-2.56405686849999,0.005245425442313,0.0,3.9457098,mp-20964,12.728633266468538,8.14987903728973,4.0
3,10,9,1.1,1.91,2.28,1.1896666666666669,0.5714285714285715,0.605,0.9210128271981718,0.0168852164456117,2.095,0.3699999999999999,9.5,-2.5721824465,0.0,0.0,4.0075536,mp-1223214,12.617132718508245,7.0464740214659,14.0
3,10,8,1.1,1.91,2.2,1.1896666666666669,0.5714285714285715,0.521,0.9408886132368462,0.0259111094666292,2.055,0.2900000000000002,9.0,-2.633363193,0.0,0.0,8.001357,mp-19176,12.65302543685639,7.0023968909579875,14.0
3,10,7,1.1,1.91,2.1,1.1896666666666669,0.5714285714285715,0.54375,0.935421374501016,0.0141391105971103,2.005,0.1900000000000001,8.5,-2.65439598349999,0.092194945999999,0.0,5.0011018,mp-1087477,12.444966083867246,7.078502254842847,225.0
3,9,4,1.1,1.88,1.54,1.1896666666666669,0.6255555555555555,0.6341666666666667,0.9021163321723616,0.0042422168983548,1.71,0.3399999999999998,6.5,-3.14011676933333,0.197792988499998,0.0,2.9973855,mp-1078893,12.294902218337002,6.49104461761862,225.0
3,9,4,1.1,1.88,1.54,1.1896666666666669,0.6255555555555555,0.6341666666666667,0.9021163321723616,0.0042422168983548,1.71,0.3399999999999998,6.5,-3.32411093058333,0.013798827249997,0.5484,0.000412,mp-1211314,12.602645888145231,6.332539974288606,2.0
3,6,4,1.1,1.66,1.54,1.1896666666666669,0.521,0.6341666666666667,0.9259639427034716,0.0572247271212045,1.6,0.1199999999999998,5.0,-3.39341390333333,0.087445193166676,0.0,2.0004393,mp-1225793,12.373043388854185,6.3569507250015835,148.0
3,6,4,1.1,1.66,1.54,1.1896666666666669,0.521,0.6341666666666667,0.9259639427034716,0.0572247271212045,1.6,0.1199999999999998,5.0,-3.39983510483333,0.081023991666674,0.0,3.9403679,mp-1276293,12.642973341543174,6.2212285841656465,2.0
3,6,4,1.1,1.66,1.54,1.1896666666666669,0.521,0.6341666666666667,0.9259639427034716,0.0572247271212045,1.6,0.1199999999999998,5.0,-3.39994005683333,0.080919039666675,0.0,4.0166242,mp-1276363,12.633475586566123,6.225905658526044,2.0
3,6,4,1.1,1.66,1.54,1.1896666666666669,0.521,0.6341666666666667,0.9259639427034716,0.0572247271212045,1.6,0.1199999999999998,5.0,-3.40100869283333,0.079850403666673,0.0,1.99918519999999,mp-1277771,12.613112585327716,6.235956954253178,2.0
3,6,4,1.1,1.66,1.54,1.1896666666666669,0.521,0.6341666666666667,0.9259639427034716,0.0572247271212045,1.6,0.1199999999999998,5.0,-3.39982075883333,0.081038337666674,0.0,1.9953911,mp-1279644,12.624236373871414,6.230462169105596,2.0
3,4,7,1.1,1.54,1.55,1.1896666666666669,0.6341666666666667,0.586,0.910992509614988,0.0239625222715663,1.545,0.01,5.5,-3.46575808087643,0.024299401000009,2.21319999999999,0.0,mp-1223138,13.039433438349155,6.069538908769023,14.0
3,10,4,1.1,1.91,1.54,1.1896666666666669,0.5714285714285715,0.6341666666666667,0.9143064895578508,0.0313252295739214,1.725,0.3699999999999999,7.0,-3.22316693233333,0.103993656250001,0.0,2.0000001,mp-1079373,12.268202084076865,6.501925826231008,225.0
3,10,4,1.1,1.91,1.54,1.1896666666666669,0.5714285714285715,0.6341666666666667,0.9143064895578508,0.0313252295739214,1.725,0.3699999999999999,7.0,-3.31612818233333,0.011032406249999,2.8034,8e-07,mp-1211325,12.451393272461384,6.4062662086419,14.0
3,8,5,1.1,1.83,1.63,1.1896666666666669,0.6216666666666666,0.576875,0.9159193591155655,0.022404001447659,1.73,0.2000000000000001,6.5,-3.063804908,0.0023092195,0.0,5.9998146,mp-1223233,12.552668100235817,6.357571483844898,14.0
3,8,5,1.1,1.83,1.63,1.1896666666666669,0.6216666666666666,0.576875,0.9159193591155655,0.022404001447659,1.73,0.2000000000000001,6.5,-3.0448018315,0.021312296000001,0.1083,6.0006724,mp-1651775,12.60176729483165,6.33280101854911,2.0
3,6,9,1.1,1.66,1.88,1.1896666666666669,0.521,0.6255555555555555,0.9279843319468006,0.0529857259226402,1.77,0.2199999999999999,7.5,-2.03996887444444,0.172566893333333,0.938699999999999,8.0003077,mp-1040836,13.536523054121437,4.713717912450636,7.0
3,7,6,1.1,1.9,1.66,1.1896666666666669,0.534,0.521,0.9500237926542124,0.0067444876748407,1.7799999999999998,0.24,6.5,-2.61421939972222,0.11034423805553,0.0,2.0001823,mp-1040835,12.95941552441263,6.735637154703061,1.0
3,6,6,1.1,1.66,1.7,1.1896666666666669,0.521,0.562,0.9431732476671842,0.0211176924949175,1.68,0.04,6.0,-2.72135819999999,0.082807812222123,0.7814,8.7e-06,mp-1040819,13.192298256822967,6.583629117801633,1.0
3,8,6,1.1,1.83,2.16,1.1896666666666669,0.6216666666666666,0.58,0.9152040951431648,0.0208246563827614,1.995,0.33,7.0,-2.40167156,0.120356490601849,1.4188,10.0038912,mp-1043944,13.360982225471082,5.3398324251381855,7.0
3,7,8,1.1,1.9,1.83,1.1896666666666669,0.534,0.6216666666666666,0.9258468999872368,0.0443245976012515,1.865,0.0699999999999998,7.5,-2.42707637916666,0.106544180555571,0.0,7.9994968,mp-1043955,13.505985191764465,6.515634233122793,7.0
3,8,6,1.1,1.83,1.7,1.1896666666666669,0.6216666666666666,0.562,0.9193393993955442,0.0299556522316346,1.765,0.1300000000000001,7.0,-2.53264507833333,0.079952433124997,1.7784,1e-06,mp-1043919,13.386694018742913,6.541072618062782,7.0
3,6,6,1.1,1.66,2.16,1.1896666666666669,0.521,0.58,0.9388212562670676,0.0302486541757249,1.91,0.5000000000000002,6.0,-2.7262710545,0.089203731874995,1.3459,4.0146874,mp-1049205,11.937142392922278,5.663640309107647,1.0
3,6,6,1.1,1.66,2.16,1.1896666666666669,0.521,0.58,0.9388212562670676,0.0302486541757249,1.91,0.5000000000000002,6.0,-2.693245065,0.122229721374997,1.343,5.0069312,mp-2240259,12.034736249581576,5.617711882507015,1.0
3,6,6,1.1,1.66,1.7,1.1896666666666669,0.521,0.562,0.9431732476671842,0.0211176924949175,1.68,0.04,6.0,-2.7056849155,0.159615520000006,0.0,10.0015665,mp-1044938,12.05801068264474,6.81736162053963,7.0
3,6,6,1.1,1.66,1.7,1.1896666666666669,0.521,0.562,0.9431732476671842,0.0211176924949175,1.68,0.04,6.0,-2.69270640899999,0.172594026500005,2.16209999999999,5.0434925,mp-2222872,12.131524280079507,6.776050342074606,1.0
3,8,10,1.1,1.83,1.91,1.1896666666666669,0.6216666666666666,0.5714285714285715,0.9171686379500028,0.02516248284471,1.87,0.0799999999999998,9.0,-2.190779936,0.106999321499999,0.0,10.0066487,mp-1043870,11.041666033871888,5.6206972820516174,7.0
3,8,10,1.1,1.83,1.91,1.1896666666666669,0.6216666666666666,0.5714285714285715,0.9171686379500028,0.02516248284471,1.87,0.0799999999999998,9.0,-2.187749787,0.110029470499998,0.0,9.9962345,mp-1646328,11.057008578537435,5.612898084059786,1.0
3,8,6,1.1,1.83,1.7,1.1896666666666669,0.6216666666666666,0.562,0.9193393993955442,0.0299556522316346,1.765,0.1300000000000001,7.0,-2.62237105749999,0.087860406499991,2.52659999999999,2.04e-05,mp-1043975,12.341368010144212,6.712622463090112,7.0
3,8,7,1.1,1.83,1.55,1.1896666666666669,0.6216666666666666,0.586,0.9138339151791988,0.0177992181563008,1.69,0.28,7.5,-2.5313620427931,0.17471173961667,1.41239999999999,3.7e-06,mp-1043996,11.157799002142635,5.506307371605365,7.0
3,8,5,1.1,1.83,1.5,1.1896666666666669,0.6216666666666666,0.6940000000000001,0.8898538237872557,0.0351502389073539,1.665,0.33,6.5,-3.04929532073333,0.088683347749995,3.12109999999999,1.52e-05,mp-1043991,12.308547512338743,6.691504113088122,7.0
3,8,4,1.1,1.83,1.54,1.1896666666666669,0.6216666666666666,0.6341666666666667,0.9029813159848408,0.0061639613694692,1.685,0.29,6.0,-3.02823223858333,0.114559864875008,2.5232,2.1e-06,mp-1043786,11.467696860061535,5.255117656467809,7.0
3,6,5,1.1,1.66,1.63,1.1896666666666669,0.521,0.576875,0.9395739269978556,0.0286694673232623,1.645,0.03,5.5,-2.89061283449999,0.120531496749991,1.3575,4.0018111,mp-1044888,11.306872078959035,5.318491593686538,7.0
3,8,5,1.1,1.83,1.63,1.1896666666666669,0.6216666666666666,0.576875,0.9159193591155655,0.022404001447659,1.73,0.2000000000000001,6.5,-2.7013500875,0.14742966274999,1.55319999999999,8.0097336,mp-1043844,11.397809883048348,5.332132191067492,7.0
3,6,5,1.1,1.66,1.5,1.1896666666666669,0.521,0.6940000000000001,0.9121648121383634,0.0861768368188409,1.58,0.1599999999999999,5.5,-3.02457025692592,0.133219060277772,0.1808,1.9998866,mp-1040853,13.0924028210716,6.593105285513284,1.0
3,8,5,1.1,1.83,1.5,1.1896666666666669,0.6216666666666666,0.6940000000000001,0.8898538237872557,0.0351502389073539,1.665,0.33,6.5,-2.78624278025925,0.163171625555545,0.0,8.0003805,mp-1044002,13.7502398380553,6.329324435262033,7.0
3,4,5,1.1,1.54,1.5,1.1896666666666669,0.6341666666666667,0.6940000000000001,0.8871593655224413,0.0289878476988228,1.52,0.04,4.5,-3.64400492785185,0.009943010277797,3.3911,0.0002459,mp-1222764,13.488942766825163,6.342806463358372,5.0
3,4,5,1.1,1.54,1.5,1.1896666666666669,0.6341666666666667,0.6940000000000001,0.8871593655224413,0.0289878476988228,1.52,0.04,4.5,-3.65394793812965,0.0,2.91879999999999,0.0,mp-1222878,12.583411809059628,6.799249254776128,33.0
3,6,4,1.1,1.66,1.54,1.1896666666666669,0.521,0.6341666666666667,0.9259639427034716,0.0572247271212045,1.6,0.1199999999999998,5.0,-2.85131926759259,0.171316580000002,0.1022,1.99880479999999,mp-1346591,12.422126830619977,4.972223437979212,7.0
3,5,4,1.1,1.6,1.54,1.1896666666666669,0.677142857142857,0.6341666666666667,0.890796885896403,0.0209063269045539,1.57,0.06,4.5,-3.51885273148148,0.022627625277781,0.000399999999999,1.09e-05,mp-1222787,13.500104611184112,5.1343094312393855,5.0
3,5,4,1.1,1.6,1.54,1.1896666666666669,0.677142857142857,0.6341666666666667,0.890796885896403,0.0209063269045539,1.57,0.06,4.5,-3.52881241453703,0.012667942222226,2.7987,0.0021154,mp-1222933,12.998563881884609,5.332413261784992,33.0
1,8,6,0.93,1.83,1.7,1.1342857142857143,0.6216666666666666,0.562,0.89967899593312,0.0299556522316346,1.765,0.1300000000000001,7.0,-2.56948731613793,0.0,2.2965,8.0002479,mp-1105823,12.830050966472726,6.439923360129156,4.0
1,5,4,0.93,1.6,1.3,1.1342857142857143,0.677142857142857,0.72,0.8539192848211481,0.0204220558105546,1.4500000000000002,0.3,4.5,-3.28701834663793,0.151982040000001,0.0,0.0029676,mp-1517281,13.610332634759256,6.457619062748707,216.0
1,4,4,0.93,1.3,1.54,1.1342857142857143,0.72,0.6341666666666667,0.8627533545077936,0.041323971895852,1.42,0.24,4.0,-3.49507909797126,0.092964898599978,2.35929999999999,0.0,mp-1516496,12.849464961334139,6.257955385811631,216.0
1,4,4,0.93,1.33,1.3,1.1342857142857143,0.7466666666666667,0.72,0.8400049750507728,0.0124999999941404,1.315,0.03,4.0,-3.49998471163793,0.15511664025,2.4644,0.0,mp-1518151,14.170334969701054,6.182703365024513,216.0
1,7,6,0.93,1.55,1.7,1.1342857142857143,0.586,0.562,0.9078067950322724,0.012158054705087,1.625,0.1499999999999999,6.5,-2.55153203343103,0.1311393405,1.01879999999999,5.0000006,mp-1517122,13.243129554911752,6.22767761710232,216.0
1,7,6,0.93,1.55,1.7,1.1342857142857143,0.586,0.562,0.9078067950322724,0.012158054705087,1.625,0.1499999999999999,6.5,-2.68267137393103,0.0,2.0322,9.9995231,mp-22748,13.054748399739253,6.3175435469256085,4.0
1,10,6,0.93,1.91,1.7,1.1342857142857143,0.5714285714285715,0.562,0.9111697750954668,0.0047940727803038,1.805,0.2099999999999999,8.0,-2.49192507713793,0.013306377500001,3.3392,12.0010282,mp-1173651,12.37862296050184,6.712986827709121,1.0
1,5,6,0.93,1.63,1.7,1.1342857142857143,0.576875,0.562,0.909909866848894,0.0075529180247898,1.665,0.07,5.5,-2.62942777563793,0.108316568791662,0.4148,3.0000003,mp-1522096,12.725953378261147,6.428618522046547,216.0
1,8,4,0.93,1.83,1.33,1.1342857142857143,0.6216666666666666,0.7466666666666667,0.8598211659788739,0.0599760095673845,1.58,0.5,6.0,-2.72139175963793,0.14789183725,0.0,4.0000008,mp-1520308,12.854317221079876,5.231339411761981,216.0
1,4,5,0.93,1.33,1.6,1.1342857142857143,0.7466666666666667,0.677142857142857,0.8485281371397534,0.0329199548885835,1.465,0.27,4.5,-3.20976054063793,0.156176312249999,0.0,0.000824,mp-1520149,13.891253617754685,5.283863159759865,216.0
1,4,4,0.93,1.33,1.54,1.1342857142857143,0.7466666666666667,0.6341666666666667,0.8572504429401415,0.053817022099031,1.435,0.2099999999999999,4.0,-3.40461189797126,0.113828297234377,2.2686,0.0,mp-1521929,13.124069180287506,5.02287189401248,216.0
1,4,5,0.93,1.33,1.63,1.1342857142857143,0.7466666666666667,0.576875,0.8691609098591375,0.0823523467493263,1.48,0.2999999999999998,4.5,-3.06435947763793,0.168517876750003,0.0,0.999999899999999,mp-1521458,12.863590469407331,5.164269736001762,216.0
1,7,6,0.93,1.55,1.7,1.1342857142857143,0.586,0.562,0.9078067950322724,0.012158054705087,1.625,0.1499999999999999,6.5,-1.87707815393103,0.185106142999999,0.0,4.9772613,mp-1520467,13.07806053612244,7.196033169540337,216.0
1,5,6,0.93,1.6,1.7,1.1342857142857143,0.677142857142857,0.562,0.8873222249315506,0.0570135106175924,1.65,0.0999999999999998,5.5,-2.20325161280459,0.175926584874998,0.0,0.9377839,mp-1521298,13.068017752446556,6.487511341031696,216.0
1,9,6,0.93,1.88,1.7,1.1342857142857143,0.6255555555555555,0.562,0.8988015782768979,0.0318769504967179,1.79,0.1799999999999999,7.5,-2.48992279138793,0.0,2.4461,6.0000994,mp-1210062,12.368896966364638,6.793128252249607,4.0
1,8,6,0.93,1.83,1.7,1.1342857142857143,0.6216666666666666,0.562,0.89967899593312,0.0299556522316346,1.765,0.1300000000000001,7.0,-2.54806608438793,0.0,2.4171,7.9999448,mp-1189143,12.622543202013988,6.615996099189995,4.0
1,5,4,0.93,1.6,1.3,1.1342857142857143,0.677142857142857,0.72,0.8539192848211481,0.0204220558105546,1.4500000000000002,0.3,4.5,-3.20703407288793,0.198215603999996,0.0,0.0009262,mp-1522126,13.487831318172407,6.581969557159892,216.0
1,4,4,0.93,1.3,1.54,1.1342857142857143,0.72,0.6341666666666667,0.8627533545077936,0.041323971895852,1.42,0.24,4.0,-3.42983831022126,0.125430120468749,2.2438,0.0,mp-1516737,12.727080031719838,6.387759793503809,216.0
1,7,6,0.93,1.55,1.7,1.1342857142857143,0.586,0.562,0.9078067950322724,0.012158054705087,1.625,0.1499999999999999,6.5,-2.47873232168103,0.178444130499999,1.043,5.0000007,mp-1517896,13.036296239683509,6.3944614047279655,216.0
1,7,6,0.93,1.55,1.7,1.1342857142857143,0.586,0.562,0.9078067950322724,0.012158054705087,1.625,0.1499999999999999,6.5,-2.65717645218103,0.0,2.2832,10.0001909,mp-20156,12.859608970596176,6.482319435673471,4.0
1,5,4,0.93,1.6,1.3,1.1342857142857143,0.677142857142857,0.72,0.8539192848211481,0.0204220558105546,1.4500000000000002,0.3,4.5,-3.24540227513793,0.087478138999999,2.40999999999999,0.0,mp-1521141,13.357223443362908,5.351385808129002,216.0
1,4,6,0.93,1.3,1.7,1.1342857142857143,0.72,0.562,0.8780061800170396,0.0774130327891166,1.5,0.3999999999999999,5.0,-2.87953496413793,0.128653675166665,0.0,1.0,mp-1516390,13.172608397382499,6.572695113054209,216.0
1,5,6,0.93,1.6,1.7,1.1342857142857143,0.677142857142857,0.562,0.8873222249315506,0.0570135106175924,1.65,0.0999999999999998,5.5,-2.61067757513793,0.144257519416669,0.0,2.0,mp-1521548,13.03501323277941,5.551819785706632,216.0
1,5,4,0.93,1.5,1.54,1.1342857142857143,0.6940000000000001,0.6341666666666667,0.8681871436497496,0.0289878476988228,1.52,0.04,4.5,-3.29707809370459,0.012461632999999,2.5592,5.31e-05,mp-39712,11.741252687057322,5.485686514991544,7.0
1,4,5,0.93,1.33,1.6,1.1342857142857143,0.7466666666666667,0.677142857142857,0.8485281371397534,0.0329199548885835,1.465,0.27,4.5,-3.15940908413793,0.098089833249998,2.284,8.73e-05,mp-1518125,13.684450673946094,4.164492758228455,216.0
1,4,6,0.93,1.33,1.7,1.1342857142857143,0.7466666666666667,0.562,0.872307616462181,0.0898912866672603,1.515,0.3699999999999999,5.0,-2.80199522613793,0.144335427416665,0.0,1.0005247,mp-1516212,13.469246353854572,5.352094445891955,216.0
1,8,4,0.93,1.83,1.3,1.1342857142857143,0.6216666666666666,0.72,0.8653572378706101,0.0474849094338102,1.565,0.53,6.0,-2.59373689263793,0.192649332000002,0.0,10.0000104,mp-1516948,12.394914250141984,6.7692744588828795,216.0
1,5,4,0.93,1.6,1.3,1.1342857142857143,0.677142857142857,0.72,0.8539192848211481,0.0204220558105546,1.4500000000000002,0.3,4.5,-3.27823663363793,0.015002965375003,0.0038,6.9999966,mp-1518553,13.603324713749052,6.620349458122915,216.0
1,4,4,0.93,1.3,1.54,1.1342857142857143,0.72,0.6341666666666667,0.8627533545077936,0.041323971895852,1.42,0.24,4.0,-3.28482075797126,0.147262332599975,0.0,6.0080204,mp-1517978,12.768264840305891,6.467581885023526,216.0
1,4,6,0.93,1.3,1.7,1.1342857142857143,0.72,0.562,0.8780061800170396,0.0774130327891166,1.5,0.3999999999999999,5.0,-2.90994488063793,0.085468073201093,0.0,8.000003,mp-1522189,13.276637461406448,7.920578276830587,216.0
1,5,6,0.93,1.6,1.7,1.1342857142857143,0.677142857142857,0.562,0.8873222249315506,0.0570135106175924,1.65,0.0999999999999998,5.5,-2.64287374563793,0.099080744374996,0.0,5.0353801,mp-1522034,13.288147900416295,6.844230849986368,216.0
1,4,4,0.93,1.33,1.54,1.1342857142857143,0.7466666666666667,0.6341666666666667,0.8572504429401415,0.053817022099031,1.435,0.2099999999999999,4.0,-3.19584752297126,0.174377581849975,0.0,6.000604,mp-1517534,13.13693620656226,5.183015055785657,216.0
1,4,6,0.93,1.33,1.7,1.1342857142857143,0.7466666666666667,0.562,0.872307616462181,0.0898912866672603,1.515,0.3699999999999999,5.0,-2.83494627163793,0.098608696451094,0.0,8.0000001,mp-1516967,13.617095790827657,6.658379100806998,216.0
6,9,10,1.14,1.88,1.91,1.1941666666666668,0.6255555555555555,0.5714285714285715,0.9178684641228028,0.0270839124601382,1.895,0.03,9.5,-2.52033343299999,0.0,0.0,5.9937012,mp-1220568,11.721766961646889,7.112991451745904,14.0
6,9,8,1.14,1.88,2.2,1.1941666666666668,0.6255555555555555,0.521,0.929596867470199,0.0529857259226402,2.04,0.3200000000000003,8.5,-2.4887151305,0.093750720833332,0.0,2.74530359999999,mp-1210035,12.388527626757703,7.298173835692066,14.0
6,8,10,1.14,1.83,1.91,1.1941666666666668,0.6216666666666666,0.5714285714285715,0.9187623793082634,0.02516248284471,1.87,0.0799999999999998,9.0,-2.61360871349999,0.0,0.0,12.0000017,mp-1220540,11.94759562111534,6.935623198203118,14.0
6,9,7,1.14,1.88,1.55,1.1941666666666668,0.6255555555555555,0.586,0.9145344320813682,0.0197208065489981,1.715,0.3299999999999998,8.0,-2.7947132312931,0.0,0.0,12.0001854,mp-19336,11.925409490450807,6.939236501211936,14.0
6,6,7,1.14,1.66,1.55,1.1941666666666668,0.521,0.586,0.939008364916367,0.0332736114495655,1.605,0.1099999999999998,6.5,-3.0321819742931,0.020478805750002,0.7902,14.0024192,mp-1220516,12.22451932179216,6.6752158471652265,14.0
6,8,7,1.14,1.83,1.55,1.1941666666666668,0.6216666666666666,0.586,0.915421861871813,0.0177992181563008,1.69,0.28,7.5,-2.8588922647931,0.011050126500014,0.650299999999999,18.0000001,mp-1220545,12.351099908203814,6.658551108344255,14.0
6,7,10,1.14,1.55,1.91,1.1941666666666668,0.586,0.5714285714285715,0.9270428045706508,0.0073640892317124,1.73,0.3599999999999999,8.5,-2.7804042532931,0.0,1.45719999999999,10.0004377,mp-18899,11.81013377704765,7.003597037332576,14.0
6,7,9,1.14,1.55,2.28,1.1941666666666668,0.586,0.605,0.9192447210614372,0.0095214231974335,1.915,0.7299999999999998,8.0,-2.7123887092931,0.016931908749997,0.4194,8.000931,mp-1220508,12.440545992956732,7.238830990160491,14.0
6,10,8,1.14,1.91,2.2,1.1941666666666668,0.5714285714285715,0.521,0.9425235722120938,0.0259111094666292,2.055,0.2900000000000002,9.0,-2.57957283449999,0.0,0.0,7.993881,mp-1209990,12.326381228695004,7.331738943897333,14.0
6,8,5,1.14,1.83,1.63,1.1941666666666668,0.6216666666666666,0.576875,0.9175109296327572,0.022404001447659,1.73,0.2000000000000001,6.5,-3.0063176375,0.0,0.7975,13.9999947,mp-1220528,12.331527173558802,6.6153029485786625,14.0
6,6,4,1.14,1.66,1.3,1.1941666666666668,0.521,0.72,0.907870745303707,0.0984904726065378,1.48,0.3599999999999999,5.0,-3.31863520425,0.12653587758333,0.0215,10.0000783,mp-1518805,12.830863411361396,8.058682793720742,216.0
6,4,4,1.14,1.3,1.54,1.1941666666666668,0.72,0.6341666666666667,0.8831387799736626,0.041323971895852,1.42,0.24,4.0,-3.54531271558333,0.145041442583353,0.0,6.6793737,mp-1521819,13.101134883213302,7.840099802833168,216.0
6,8,7,1.14,1.83,1.55,1.1941666666666668,0.6216666666666666,0.586,0.915421861871813,0.0177992181563008,1.69,0.28,7.5,-2.5872780500431,0.182527333499997,0.0,14.9997362,mp-1520563,12.894212642730915,6.477533802666649,216.0
6,4,4,1.14,1.33,1.54,1.1941666666666668,0.7466666666666667,0.6341666666666667,0.8775058437668464,0.053817022099031,1.435,0.2099999999999999,4.0,-3.46274270758333,0.161819238999994,0.0,6.844615,mp-1516183,13.340655642043155,6.6131191107202945,216.0
6,8,7,1.14,1.83,1.55,1.1941666666666668,0.6216666666666666,0.586,0.915421861871813,0.0177992181563008,1.69,0.28,7.5,-2.1239881790431,0.194955868999996,0.057,18.0011491,mp-1221020,13.663490068478334,6.805764395694715,4.0
6,8,7,1.14,1.83,1.55,1.1941666666666668,0.6216666666666666,0.586,0.915421861871813,0.0177992181563008,1.69,0.28,7.5,-2.2582360740431,0.060707973999997,0.8844,14.0039473,mp-1237102,12.230165903115422,7.603371447748757,4.0
6,5,4,1.14,1.5,1.54,1.1941666666666668,0.6940000000000001,0.6341666666666667,0.8887009605069378,0.0289878476988228,1.52,0.04,4.5,-3.62643061562963,0.0,3.0457,0.001756199999999,mp-1220116,12.556457972919752,6.892259465429119,33.0
1,7,6,0.82,1.55,1.7,1.6525,0.586,0.562,1.093436397567761,0.012158054705087,1.625,0.1499999999999999,6.5,-2.6569097015431,0.023629530776307,1.6904,0.0,mp-1105199,13.953881924379568,6.653966481059562,4.0
1,7,6,0.82,1.55,1.7,1.6525,0.586,0.562,1.093436397567761,0.012158054705087,1.625,0.1499999999999999,6.5,-2.6242573972931,0.026298901999998,2.6501,10.0007858,mp-1105157,15.189493020136052,6.171029812316363,4.0
4,5,4,1.54,1.6,1.54,0.6341666666666667,0.677142857142857,0.6341666666666667,0.6997152781803063,0.0209063269045539,1.57,0.06,4.5,-2.84598423814814,0.004120943888883,2.3865,2.2e-06,mp-1216838,13.889304873013987,5.921307362714862,1.0
3,9,7,1.22,1.88,1.55,0.9885,0.6255555555555555,0.586,0.8420297427663401,0.0197208065489981,1.715,0.3299999999999998,8.0,-2.8346194587931,0.0,0.0,11.9955027,mp-1189894,10.883127252823083,5.915181136158539,14.0
3,7,10,1.22,1.55,1.91,0.9885,0.586,0.5714285714285715,0.8535464460200447,0.0073640892317124,1.73,0.3599999999999999,8.5,-2.8229455417931,0.0,0.0,9.999928,mp-19192,11.204619218975314,5.741904198114505,14.0
3,6,3,1.22,1.66,1.22,0.9885,0.521,0.9885,0.7838146171527219,0.2169625245541419,1.44,0.4399999999999999,4.5,-2.66069565349999,0.118104556249987,1.68739999999999,35.9993487,mp-1045038,12.592406401185862,4.495265308839769,164.0
3,6,3,1.22,1.66,1.22,0.9885,0.521,0.9885,0.7838146171527219,0.2169625245541419,1.44,0.4399999999999999,4.5,-2.53086693018518,0.0,2.6946,5.9994493,mp-1105234,12.753584030237194,5.2731473521209535,163.0
16,9,7,,1.88,1.55,1.008571428571429,0.6255555555555555,0.586,0.849105622957654,0.0197208065489981,1.715,0.3299999999999998,8.0,-2.91072361119827,0.0,0.0,7.9999996,mp-1215956,10.258154631342451,8.99940398318073,14.0
16,5,4,,1.5,1.54,1.008571428571429,0.6940000000000001,0.6341666666666667,0.8251203631304834,0.0289878476988228,1.52,0.04,4.5,-3.51277001266666,0.0,0.0,0.0,mp-1215802,11.449911896259245,8.02239555729603,14.0
