Val_A,Val_B,Val_Bprime,EN_A,EN_B,EN_Bprime,Shannon_A,Shannon_B,Shannon_Bprime,Tolerance_Factor,Octahedral_Mismatch,EN_avg,EN_diff,Val_avg,Formation Energy (eV/atom),Energy Above Hull (eV),Band Gap (eV),Total Magnetization (Î¼B),Material ID,CHGNet_Energy,CHGNet_Net_Magmom,CHGNet_Abs_Magmom
2,9,6,0.89,1.88,2.16,1.4742857142857142,0.6255555555555555,0.58,1.0148040094476147,0.0227461858416246,2.02,0.2800000000000002,7.5,-2.463285518,0.0,0.0,0.0109821,mp-18967,-0.378869,5.8387136,5.8387136
2,9,6,0.89,1.88,2.16,1.4742857142857142,0.6255555555555555,0.58,1.0148040094476147,0.0227461858416246,2.02,0.2800000000000002,7.5,-2.454069767,0.009215750999985,1.274,2.1e-06,mp-561894,-0.3788514,5.8895226,5.8895226
2,7,9,0.89,1.9,1.88,1.4742857142857142,0.534,0.6255555555555555,1.0265934599965334,0.0462453698273539,1.89,0.02,8.0,-2.4478527995,0.04870363225,0.198199999999999,1.92e-05,mp-545792,-0.19407141,11.382798,11.382798
2,9,8,0.89,1.88,2.2,1.4742857142857142,0.6255555555555555,0.521,1.0299750708182498,0.0529857259226402,2.04,0.3200000000000003,8.5,-2.09980503266666,0.019201509583339,0.0,15.6349386,mp-1228653,-0.23711768,12.942307,12.942307
2,9,6,0.89,1.88,1.7,1.4742857142857142,0.6255555555555555,0.562,1.0193848790829303,0.0318769504967179,1.79,0.1799999999999999,7.5,-2.565399248,0.010751375500013,1.84269999999999,3.0001636,mp-1274542,-0.789178,2.7753787,2.7753787
2,9,6,0.89,1.88,1.7,1.4742857142857142,0.6255555555555555,0.562,1.0193848790829303,0.0318769504967179,1.79,0.1799999999999999,7.5,-2.5761506235,0.0,0.0,6.000052,mp-22112,-0.39461,5.504329,5.504329
2,6,6,0.89,1.66,2.16,1.4742857142857142,0.521,0.58,1.0420030345563909,0.0302486541757249,1.91,0.5000000000000002,6.0,-2.66020709599999,0.0,0.0,3e-07,mp-1079901,-0.40170616,8.8460655,8.8460655
2,8,6,0.89,1.83,2.16,1.4742857142857142,0.6216666666666666,0.58,1.0157902135380803,0.0208246563827614,1.995,0.33,7.0,-2.500273185,0.000837423000007,0.864099999999999,3.2e-06,mp-1277787,-0.38861215,11.741264,11.741264
2,8,6,0.89,1.83,2.16,1.4742857142857142,0.6216666666666666,0.58,1.0157902135380803,0.0208246563827614,1.995,0.33,7.0,-2.50098259249999,0.000128015500007,0.7715,2.00003,mp-1288525,-0.38858595,11.795026,11.795026
2,8,6,0.89,1.83,2.16,1.4742857142857142,0.6216666666666666,0.58,1.0157902135380803,0.0208246563827614,1.995,0.33,7.0,-2.501110608,0.0,0.9037,2.00003,mp-1288978,-0.3885933,11.793382,11.793382
2,8,6,0.89,1.83,2.16,1.4742857142857142,0.6216666666666666,0.58,1.0157902135380803,0.0208246563827614,1.995,0.33,7.0,-2.497820122,0.003290486000007,0.0,3.99999989999999,mp-18995,-0.77694046,5.889248,5.889248
2,7,8,0.89,1.9,1.83,1.4742857142857142,0.534,0.6216666666666666,1.0276027229691191,0.0443245976012515,1.865,0.0699999999999998,7.5,-2.48591545325,0.003049289499999,0.0,3.000002,mp-31756,-0.7926802,4.580135,4.580135
2,8,6,0.89,1.83,1.7,1.4742857142857142,0.6216666666666666,0.562,1.020380011171047,0.0299556522316346,1.765,0.1300000000000001,7.0,-2.639823302,0.000347599500006,2.50619999999999,9.33e-05,mp-1272506,-0.40420532,7.8857102,7.8857102
2,8,6,0.89,1.83,1.7,1.4742857142857142,0.6216666666666666,0.562,1.020380011171047,0.0299556522316346,1.765,0.1300000000000001,7.0,-2.6401709015,0.0,0.0,7.82e-05,mp-18845,-0.40423417,7.855659,7.855659
2,8,6,0.89,1.83,2.16,1.4742857142857142,0.6216666666666666,0.58,1.0157902135380803,0.0208246563827614,1.995,0.33,7.0,-2.38106267772727,0.194080436363643,1.5819,2.0000001,mp-2217283,-0.66596234,7.505247,7.505247
2,7,6,0.89,1.55,2.16,1.4742857142857142,0.586,0.58,1.0249253247172547,0.0030257186066435,1.855,0.6100000000000001,6.5,-2.6296567122931,0.0,1.26539999999999,0.0,mp-20399,-0.3986222,9.6240635,9.6240635
2,5,7,0.89,1.6,1.55,1.4742857142857142,0.677142857142857,0.586,1.0004210978497643,0.0448632304117824,1.5750000000000002,0.05,6.0,-2.9407101537931,0.027375552666663,0.0,4.0000187,mp-1228414,-0.8226017,4.374475,4.374475
2,5,7,0.89,1.6,1.55,1.4742857142857142,0.677142857142857,0.586,1.0004210978497643,0.0448632304117824,1.5750000000000002,0.05,6.0,-2.9635321102931,0.004553596166662,1.16279999999999,15.9994692,mp-1272179,-0.20590189,16.536757,16.536757
2,5,7,0.89,1.6,1.55,1.4742857142857142,0.677142857142857,0.586,1.0004210978497643,0.0448632304117824,1.5750000000000002,0.05,6.0,-2.9629106410431,0.005175065416661,1.1475,16.0006208,mp-1275240,-0.20588998,16.53973,16.53973
2,5,7,0.89,1.6,1.55,1.4742857142857142,0.677142857142857,0.586,1.0004210978497643,0.0448632304117824,1.5750000000000002,0.05,6.0,-2.9515829482931,0.016502758166661,0.0764,16.0006634,mp-1278519,-0.20573488,16.823687,16.823687
2,5,7,0.89,1.6,1.55,1.4742857142857142,0.677142857142857,0.586,1.0004210978497643,0.0448632304117824,1.5750000000000002,0.05,6.0,-2.9617253507931,0.006360355666661,0.185799999999999,0.0,mp-1278534,-0.41185784,8.193393,8.193393
2,7,7,0.89,1.9,1.55,1.4742857142857142,0.534,0.586,1.0369525096458223,0.0265306122313618,1.725,0.3499999999999998,7.0,-2.6378569690431,0.0,0.0,3.99999959999999,mp-20813,-0.81497145,4.812974,4.812974
2,7,8,0.89,1.55,2.2,1.4742857142857142,0.586,0.521,1.0404028251361004,0.0332736114495655,1.875,0.6500000000000001,7.5,-2.3171343647931,0.02291560858333,0.0,20.9979188,mp-1228678,-0.25079706,17.641863,17.641863
2,7,6,0.89,1.55,1.7,1.4742857142857142,0.586,0.562,1.0295982365304013,0.012158054705087,1.625,0.1499999999999999,6.5,-2.7469805557931,0.0,2.2267,0.0,mp-19085,-0.4143204,9.365975,9.365975
2,9,5,0.89,1.88,1.6,1.4742857142857142,0.6255555555555555,0.677142857142857,0.9907756868737044,0.025147986214382,1.74,0.2799999999999998,7.0,-2.710650131,0.066096190249994,1.53459999999999,0.000261799999999,mp-1228382,-0.779113,2.2662683,2.2662683
2,6,5,0.89,1.66,1.6,1.4742857142857142,0.521,0.677142857142857,1.016685492009933,0.0781076928183261,1.63,0.0599999999999998,5.5,-3.05619982500001,0.0,1.58239999999999,12.0,mp-31627,-0.20860834,10.306665,10.306665
2,8,5,0.89,1.83,1.6,1.4742857142857142,0.6216666666666666,0.677142857142857,0.9917157199580316,0.0270694161935879,1.715,0.2299999999999999,6.5,-2.89555372049999,0.0,1.455,0.0,mp-1021504,-0.40364772,9.460408,9.460408
2,8,5,0.89,1.83,1.6,1.4742857142857142,0.6216666666666666,0.677142857142857,0.9917157199580316,0.0270694161935879,1.715,0.2299999999999999,6.5,-2.87741168466666,0.018142035833317,1.69079999999999,15.0030445,mp-1022733,-0.26888698,14.239211,14.239211
2,8,5,0.89,1.83,1.6,1.4742857142857142,0.6216666666666666,0.677142857142857,0.9917157199580316,0.0270694161935879,1.715,0.2299999999999999,6.5,-2.873255236,0.022298484499984,1.34979999999999,20.0003999,mp-1022808,-0.20153396,18.770481,18.770481
2,5,9,0.89,1.6,2.28,1.4742857142857142,0.677142857142857,0.605,0.9957647196881576,0.0353455817849575,1.94,0.6799999999999997,7.0,-2.733223787,0.0,0.8889,7.22e-05,mp-1205833,-0.780466,0.09526661,0.09526661
2,5,5,0.89,1.6,1.63,1.4742857142857142,0.677142857142857,0.576875,1.0026728991087577,0.0494659178260535,1.615,0.0299999999999998,5.0,-3.119411723,0.0,0.0,0.000232099999999,mp-1078969,-0.20867603,8.364913,8.364913
2,5,5,0.89,1.6,1.63,1.4742857142857142,0.677142857142857,0.576875,1.0026728991087577,0.0494659178260535,1.615,0.0299999999999998,5.0,-3.094641198,0.024770524999999,0.0,0.1300782,mp-1277332,-0.41702795,4.0322614,4.0322614
2,10,6,0.89,1.91,2.16,1.4742857142857142,0.5714285714285715,0.58,1.0287048758048811,0.0043383947917303,2.035,0.2500000000000002,8.0,-2.44925213,0.0,2.3514,0.0,mp-552567,-0.37070328,4.146227,4.146227
2,10,8,0.89,1.91,2.2,1.4742857142857142,0.5714285714285715,0.521,1.0442976057771003,0.0259111094666292,2.055,0.2900000000000002,9.0,-2.068848193,0.025932189499996,0.004,15.9818678,mp-1147774,-0.17270057,14.351908,14.351908
2,10,6,0.89,1.91,1.7,1.4742857142857142,0.5714285714285715,0.562,1.033412394302187,0.0047940727803038,1.805,0.2099999999999999,8.0,-2.56365896249999,0.0,3.3409,0.0,mp-504723,-0.38675615,3.8896751,3.8896751
2,8,6,0.89,1.83,1.7,1.4742857142857142,0.6216666666666666,0.562,1.020380011171047,0.0299556522316346,1.765,0.1300000000000001,7.0,-2.498643676,0.157696589250001,0.0,3.99999989999999,mp-1521698,-0.8048151,4.98098,4.98098
2,5,4,0.89,1.6,1.3,1.4742857142857142,0.677142857142857,0.72,0.9684811730891488,0.0204220558105546,1.4500000000000002,0.3,4.5,-3.38067126699999,0.121074810656251,0.0,0.0353277,mp-1521804,-0.87561303,0.19397466,0.19397466
2,4,6,0.89,1.3,1.7,1.4742857142857142,0.72,0.562,0.995799568316958,0.0774130327891166,1.5,0.3999999999999999,5.0,-3.056130819,0.180937930749996,0.0,2.0,mp-1521252,-0.8751478,1.7624788,1.7624788
2,4,4,0.89,1.33,1.3,1.4742857142857142,0.7466666666666667,0.72,0.9527001182650252,0.0124999999941404,1.315,0.03,4.0,-3.635092758,0.094996619000026,3.3163,0.0,mp-1516790,-0.88503945,0.07621504,0.07621504
2,7,6,0.89,1.55,1.7,1.4742857142857142,0.586,0.562,1.0295982365304013,0.012158054705087,1.625,0.1499999999999999,6.5,-2.6703698287931,0.091892590250006,1.88519999999999,5.0000003,mp-1516715,-0.8253334,4.6475587,4.6475587
2,5,6,0.89,1.6,1.7,1.4742857142857142,0.677142857142857,0.562,1.0063654546574294,0.0570135106175924,1.65,0.0999999999999998,5.5,-2.81802165,0.158354321222232,0.763099999999999,2.99999989999999,mp-1519910,-0.8488356,2.5361567,2.5361567
2,4,5,0.89,1.33,1.6,1.4742857142857142,0.7466666666666667,0.677142857142857,0.9623667485485816,0.0329199548885835,1.465,0.27,4.5,-3.313915328,0.113674588374994,0.0,0.0002061,mp-1519061,-0.85510266,0.19066449,0.19066449
2,4,6,0.89,1.33,1.7,1.4742857142857142,0.7466666666666667,0.562,0.9893364849616167,0.0898912866672603,1.515,0.3699999999999999,5.0,-2.979708477,0.194257001583331,0.0,1.9999999,mp-1519763,-0.85421574,1.670713,1.670713
2,6,6,0.89,1.66,1.7,1.4742857142857142,0.521,0.562,1.0468333344830414,0.0211176924949175,1.68,0.04,6.0,-2.23342298566666,0.170293997583339,0.1824,2.99999989999999,mp-1519687,-0.7937458,3.5183733,3.5183733
2,5,4,0.89,1.6,1.3,1.4742857142857142,0.677142857142857,0.72,0.9684811730891488,0.0204220558105546,1.4500000000000002,0.3,4.5,-3.4130699325,0.052069121000002,0.0,6.8874179,mp-1519016,-0.95946157,6.9837103,6.9837103
2,4,4,0.89,1.33,1.3,1.4742857142857142,0.7466666666666667,0.72,0.9527001182650252,0.0124999999941404,1.315,0.03,4.0,-3.6694066805,0.04404608825,0.426599999999999,7.0000002,mp-1517277,-0.9708201,6.8751984,6.8751984
2,4,5,0.89,1.33,1.6,1.4742857142857142,0.7466666666666667,0.677142857142857,0.9623667485485816,0.0329199548885835,1.465,0.27,4.5,-3.3493691235,0.06010360025,0.0,6.6693043,mp-1523280,-0.93922424,6.9944234,6.9944234
2,6,8,0.89,1.66,1.83,1.4742857142857142,0.521,0.6216666666666666,1.0309909970798246,0.0510652688276638,1.745,0.1700000000000001,7.0,-5.153567591,0.0,0.0,9.6463861,mp-1518724,-0.84758914,13.217909,13.217909
2,5,4,0.89,1.6,1.3,1.4742857142857142,0.677142857142857,0.72,0.9684811730891488,0.0204220558105546,1.4500000000000002,0.3,4.5,-3.06633499966666,0.096817413222229,0.622799999999999,0.0,mp-1516647,-0.8484355,0.13982949,0.13982949
2,4,4,0.89,1.3,1.54,1.4742857142857142,0.72,0.6341666666666667,0.978500422361714,0.041323971895852,1.42,0.24,4.0,-3.104368333,0.190470733819445,0.0,8e-07,mp-1522487,-0.8360032,0.12232253,0.12232253
2,8,6,0.89,1.83,1.7,1.4742857142857142,0.6216666666666666,0.562,1.020380011171047,0.0299556522316346,1.765,0.1300000000000001,7.0,-2.08932370766666,0.1948221645,0.0,4.9754546,mp-1522067,-0.7699906,4.58583,4.58583
2,9,9,0.89,2.2,1.88,1.4742857142857142,0.625,0.6255555555555555,1.0035299558559871,0.0002743107939943,2.04,0.3200000000000003,9.0,-2.2561880905,0.077274600458354,0.0,4.9919466,mp-1228112,-0.7535806,3.2760093,3.2760093
2,6,6,0.89,1.66,2.16,1.4742857142857142,0.521,0.58,1.0420030345563909,0.0302486541757249,1.91,0.5000000000000002,6.0,-2.7249114925,0.136250090285706,0.0,4.995957,mp-1229299,-0.8458093,4.700927,4.700927
2,7,6,0.89,1.55,2.16,1.4742857142857142,0.586,0.58,1.0249253247172547,0.0030257186066435,1.855,0.6100000000000001,6.5,-2.6442282702931,0.193645975828825,0.382399999999999,6.0003792,mp-40356,-0.837468,5.2977467,5.2977467
2,7,8,0.89,1.55,2.2,1.4742857142857142,0.586,0.521,1.0404028251361004,0.0332736114495655,1.875,0.6500000000000001,7.5,-2.4999615022931,0.190924160466654,0.0,2.0,mp-1227855,-0.8004295,6.2192116,6.2192116
2,7,8,0.89,1.55,2.2,1.4742857142857142,0.586,0.521,1.0404028251361004,0.0332736114495655,1.875,0.6500000000000001,7.5,-2.5672965662931,0.123589096466654,0.320999999999999,1.99999669999999,mp-1272796,-0.8048032,6.512626,6.512626
2,7,8,0.89,1.55,2.2,1.4742857142857142,0.586,0.521,1.0404028251361004,0.0332736114495655,1.875,0.6500000000000001,7.5,-2.5412320577931,0.149653604966655,0.0,15.8583723,mp-690567,-0.40238962,13.0030575,13.0030575
2,6,5,0.89,1.66,1.6,1.4742857142857142,0.521,0.677142857142857,1.016685492009933,0.0781076928183261,1.63,0.0599999999999998,5.5,-3.0665843775,0.127025262016658,0.0,1.999924,mp-1227851,-0.8729637,2.9976158,2.9976158
2,8,10,0.89,2.2,1.91,1.4742857142857142,0.521,0.5714285714285715,1.0442976057771003,0.0259111094666292,2.055,0.2900000000000002,9.0,-2.37273658949999,0.039392856166665,0.0,5.0061727,mp-622618,-0.74969345,3.8144102,3.8144102
2,7,5,0.89,1.55,1.5,1.4742857142857142,0.586,0.6940000000000001,0.9962877053600812,0.0529411764446367,1.525,0.05,6.0,-3.18655668902643,0.123896606166656,1.0025,5.00002,mp-41283,-0.8955742,4.5568285,4.5568285
2,6,4,0.89,1.66,1.54,1.4742857142857142,0.521,0.6341666666666667,1.0277326293433893,0.0572247271212045,1.6,0.1199999999999998,5.0,-3.29082848533333,0.053622175750016,2.2522,1e-07,mp-1227861,-0.21699277,11.868908,11.868908
2,6,4,0.89,1.66,1.54,1.4742857142857142,0.521,0.6341666666666667,1.0277326293433893,0.0572247271212045,1.6,0.1199999999999998,5.0,-3.29738807508333,0.047062586000015,1.22499999999999,11.9988121,mp-39208,-0.21715245,11.624139,11.624139
2,8,4,0.89,1.83,1.54,1.4742857142857142,0.6216666666666666,0.6341666666666667,1.002224081658698,0.0061639613694692,1.685,0.29,6.0,-3.11263003233333,0.059971858499999,1.78379999999999,0.0,mp-1227842,-0.41934595,9.633881,9.633881
2,7,6,0.89,1.55,1.7,1.4742857142857142,0.586,0.562,1.0295982365304013,0.012158054705087,1.625,0.1499999999999999,6.5,-2.19195733145976,0.194802626833336,0.0,4.5399525,mp-1523111,-0.78921455,4.562786,4.562786
2,5,4,0.89,1.6,1.54,1.4742857142857142,0.677142857142857,0.6341666666666667,0.9887005136293856,0.0209063269045539,1.57,0.06,4.5,-3.13772750847126,0.030822862999997,1.56509999999999,0.0007635,mp-1227835,-0.8238274,0.18390034,0.18390034
2,6,5,0.89,1.66,1.6,1.4742857142857142,0.521,0.677142857142857,1.016685492009933,0.0781076928183261,1.63,0.0599999999999998,5.5,-2.71384755499999,0.180641513499987,0.0,4.7459269,mp-1519828,-0.8848133,4.3446946,4.3446946
2,5,6,0.89,1.6,1.7,1.4742857142857142,0.677142857142857,0.562,1.0063654546574294,0.0570135106175924,1.65,0.0999999999999998,5.5,-2.42001267766666,0.1861718270278,0.0,2.0,mp-1520199,-0.8188758,2.0428934,2.0428934
2,8,9,0.89,1.83,1.88,1.4742857142857142,0.6216666666666666,0.6255555555555555,1.0043564733210566,0.0019217570340538,1.855,0.0499999999999998,8.5,-2.33368072575,0.0784512655,0.0,6.0003537,mp-1227838,-0.75065243,6.723258,6.723258
2,4,4,0.89,1.33,1.3,1.4742857142857142,0.7466666666666667,0.72,0.9527001182650252,0.0124999999941404,1.315,0.03,4.0,-3.52449929975,0.195317215612494,0.0,0.000187699999999,mp-1516816,-0.9045086,0.21092959,0.21092959
2,7,9,0.89,1.55,1.88,1.4742857142857142,0.586,0.6255555555555555,1.013286188250771,0.0197208065489981,1.715,0.3299999999999998,8.0,-2.4436261250431,0.088181212166666,0.0,13.9980881,mp-1227874,-0.38497978,11.998368,11.998368
2,7,4,0.89,1.55,1.54,1.4742857142857142,0.586,0.6341666666666667,1.0111157508846638,0.0239625222715663,1.545,0.01,5.5,-2.49505076912643,0.168152721549985,0.0,4.0101239,mp-1227378,-0.7788259,3.9536858,3.9536858
2,7,5,0.89,1.55,1.6,1.4742857142857142,0.586,0.677142857142857,1.0004210978497643,0.0448632304117824,1.5750000000000002,0.05,6.0,-2.87396858112643,0.195677998405583,0.0,4.9234599,mp-1516399,-0.8805953,4.900777,4.900777
2,5,4,0.89,1.6,1.54,1.4742857142857142,0.677142857142857,0.6341666666666667,0.9887005136293856,0.0209063269045539,1.57,0.06,4.5,-2.90355266008333,0.145619113250019,0.6275,0.0,mp-1522797,-0.81411326,0.22270495,0.22270495
2,5,6,0.89,1.63,1.7,1.4742857142857142,0.576875,0.562,1.0319834566516202,0.0075529180247898,1.665,0.07,5.5,-2.28422854466666,0.163241989473213,0.0,2.0421198,mp-1518364,-0.7936558,2.5173678,2.5173678
2,4,5,0.89,1.33,1.6,1.4742857142857142,0.7466666666666667,0.677142857142857,0.9623667485485816,0.0329199548885835,1.465,0.27,4.5,-3.00139788966666,0.099896537472227,0.606099999999999,0.0,mp-1517252,-0.8285176,0.13297409,0.13297409
2,4,4,0.89,1.33,1.54,1.4742857142857142,0.7466666666666667,0.6341666666666667,0.972259239681829,0.053817022099031,1.435,0.2099999999999999,4.0,-3.028436694,0.198604889944444,0.0,5.02e-05,mp-1517256,-0.8148943,0.09704213,0.09704213
2,7,10,0.89,1.9,1.91,1.4742857142857142,0.534,0.5714285714285715,1.0408214523609285,0.0191674592044647,1.905,0.01,8.5,-2.44190680425,0.033321185000008,0.0,3.0213158,mp-20286,-0.76100266,2.024217,2.024217
2,9,5,0.89,1.88,1.5,1.4742857142857142,0.6255555555555555,0.6940000000000001,0.9867214516383628,0.0332290430305824,1.69,0.3799999999999999,7.0,-2.81175282073333,0.073295865250001,1.53279999999999,1.21e-05,mp-1228308,-0.8085108,2.4869,2.4869
2,6,5,0.89,1.66,1.5,1.4742857142857142,0.521,0.6940000000000001,1.012416896101201,0.0861768368188409,1.58,0.1599999999999999,5.5,-3.16791021648333,0.0,2.2009,12.0005588,mp-31630,-0.2160233,11.13443,11.13443
2,8,5,0.89,1.83,1.5,1.4742857142857142,0.6216666666666666,0.6940000000000001,0.987653803648176,0.0351502389073539,1.665,0.33,6.5,-3.00621388623333,0.0,1.86229999999999,0.0,mp-1205671,-0.4183522,9.394784,9.394784
2,5,7,0.89,1.5,1.55,1.4742857142857142,0.6940000000000001,0.586,0.9962877053600812,0.0529411764446367,1.525,0.05,6.0,-3.04905246552643,0.028530789916667,0.0,4.0000375,mp-1228319,-0.85169315,4.414577,4.414577
2,5,7,0.89,1.5,1.55,1.4742857142857142,0.6940000000000001,0.586,0.9962877053600812,0.0529411764446367,1.525,0.05,6.0,-3.07083603552643,0.006747219916666,1.18229999999999,16.0003823,mp-1291775,-0.21318236,16.6626,16.6626
2,5,7,0.89,1.5,1.55,1.4742857142857142,0.6940000000000001,0.586,0.9962877053600812,0.0529411764446367,1.525,0.05,6.0,-3.06990704402643,0.007676211416667,1.1315,16.0004006,mp-1307944,-0.21316111,16.761538,16.761538
2,5,7,0.89,1.5,1.55,1.4742857142857142,0.6940000000000001,0.586,0.9962877053600812,0.0529411764446367,1.525,0.05,6.0,-3.07142502102643,0.006158234416668,1.1694,8.5e-06,mp-1309882,-0.21326923,16.45712,16.45712
2,8,4,0.89,1.83,1.54,1.4742857142857142,0.6216666666666666,0.6341666666666667,1.002224081658698,0.0061639613694692,1.685,0.29,6.0,-2.816929195,0.015144188583332,0.0,12.0139767,mp-1228536,-0.26037025,13.773364,13.773364
2,7,4,0.89,1.55,1.54,1.4742857142857142,0.586,0.6341666666666667,1.0111157508846638,0.0239625222715663,1.545,0.01,5.5,-2.97172770237643,0.019383723583304,1.15879999999999,0.000225799999999,mp-1228358,-0.20070295,13.426413,13.426413
2,8,5,0.89,1.83,1.63,1.4742857142857142,0.6216666666666666,0.576875,1.016584089075916,0.022404001447659,1.73,0.2000000000000001,6.5,-2.592685414,0.10079025249999,1.0389,4.9977207,mp-1096782,-0.76767147,5.4829197,5.4829197
2,8,5,0.89,1.83,1.63,1.4742857142857142,0.6216666666666666,0.576875,1.016584089075916,0.022404001447659,1.73,0.2000000000000001,6.5,-2.568807841,0.12466782549999,0.6837,19.9996996,mp-1096783,-0.19162634,22.220299,22.220299
2,5,6,0.89,1.63,2.16,1.4742857142857142,0.576875,0.58,1.0272889181046378,0.0015795292994701,1.895,0.5300000000000002,5.5,-2.6755853955,0.083071706249999,0.400299999999999,8e-07,mp-1079477,-0.40045318,6.96109,6.96109
2,9,3,0.89,2.2,1.22,1.4742857142857142,0.625,0.9885,0.9210046081286052,0.1647218759874376,1.71,0.9800000000000002,6.0,-2.76159472999999,0.0,0.0,2.0,mp-15888,-0.7648338,0.55103123,0.55103123
2,8,3,0.89,2.2,1.22,1.4742857142857142,0.521,0.9885,0.943230963671926,0.2169625245541419,1.71,0.9800000000000002,5.5,-2.831114415,0.0,0.0903,3.0002985,mp-6428,-0.7751087,2.0816193,2.0816193
2,4,4,0.89,1.33,1.54,1.4742857142857142,0.7466666666666667,0.6341666666666667,0.972259239681829,0.053817022099031,1.435,0.2099999999999999,4.0,-3.56091773233333,0.004841601999968,2.2161,0.0001906,mp-1078457,-0.85540277,0.14513366,0.14513366
2,4,6,0.89,1.33,1.7,1.4742857142857142,0.7466666666666667,0.562,0.9893364849616167,0.0898912866672603,1.515,0.3699999999999999,5.0,-3.054233885,0.076474615249987,0.0,1.99999939999999,mp-1228086,-0.85735404,1.8595693,1.8595693
2,5,4,1.0,1.6,1.3,1.155,0.677142857142857,0.72,0.8608988956610052,0.0204220558105546,1.4500000000000002,0.3,4.5,-3.00422916366666,0.181525003263892,0.536699999999999,0.0,mp-1523377,-0.8433176,0.14973104,0.14973104
2,6,9,1.0,1.66,1.88,1.155,0.521,0.6255555555555555,0.9155618360628428,0.0529857259226402,1.77,0.2199999999999999,7.5,-2.508303185,0.135700244249999,0.0,0.0035364,mp-1048899,-0.39539856,9.25781,9.25781
2,6,8,1.0,1.66,1.83,1.155,0.521,0.6216666666666666,0.9164649096805496,0.0510652688276638,1.745,0.1700000000000001,7.0,-2.73674654549999,0.031413375749995,0.0,13.993967,mp-1043895,-0.40923348,14.07303,14.07303
2,6,6,1.0,1.66,2.16,1.155,0.521,0.58,0.9262536915030344,0.0302486541757249,1.91,0.5000000000000002,6.0,-2.8939462705,0.014054269999999,1.5053,2.0069223,mp-1048863,-0.4287587,9.791737,9.791737
2,6,10,1.0,1.66,1.91,1.155,0.521,0.5714285714285715,0.9282933737238288,0.0259111094666292,1.785,0.25,8.0,-2.54036150849999,0.075222478333326,0.6463,0.0010837,mp-1048901,-0.3863269,7.5441113,7.5441113
2,6,6,1.0,1.66,1.7,1.155,0.521,0.562,0.9305474248125842,0.0211176924949175,1.68,0.04,6.0,-2.890700132,0.061542932458339,1.85259999999999,2.0028681,mp-1048921,-0.43951422,9.740188,9.740188
2,8,9,1.0,1.83,1.88,1.155,0.6216666666666666,0.6255555555555555,0.8927890420152633,0.0019217570340538,1.855,0.0499999999999998,8.5,-2.399504409,0.047697685833332,0.0,15.9981038,mp-1043894,-0.3804959,13.591377,13.591377
2,8,6,1.0,1.83,2.16,1.155,0.6216666666666666,0.58,0.9029526823622548,0.0208246563827614,1.995,0.33,7.0,-2.712180774,0.023970996249999,1.21859999999999,14.0000305,mp-1044000,-0.41476637,13.255733,13.255733
2,8,10,1.0,1.83,1.91,1.155,0.6216666666666666,0.5714285714285715,0.9048909267456264,0.02516248284471,1.87,0.0799999999999998,9.0,-2.352552896,0.0,0.0,10.0129448,mp-1043874,-0.3700489,11.564674,11.564674
2,8,10,1.0,1.83,1.91,1.155,0.6216666666666666,0.5714285714285715,0.9048909267456264,0.02516248284471,1.87,0.0799999999999998,9.0,-2.348544327,0.004008568999999,0.357999999999999,10.0002619,mp-1638745,-0.37008208,11.164104,11.164104
2,8,6,1.0,1.83,1.7,1.155,0.6216666666666666,0.562,0.9070326292144222,0.0299556522316346,1.765,0.1300000000000001,7.0,-2.7854485645,0.037199050749997,0.220399999999999,2.0002215,mp-1044027,-0.42758766,9.688322,9.688322
2,8,6,1.0,1.83,1.7,1.155,0.6216666666666666,0.562,0.9070326292144222,0.0299556522316346,1.765,0.1300000000000001,7.0,-2.78816411,0.034483505249998,2.471,0.001670799999999,mp-1638691,-0.42759743,9.699823,9.699823
2,6,7,1.0,1.66,1.55,1.155,0.521,0.586,0.924831238944292,0.0332736114495655,1.605,0.1099999999999998,6.5,-2.8557681932931,0.106913039966663,0.0,6.5e-06,mp-1049271,-0.4184297,12.576686,12.576686
2,8,7,1.0,1.83,1.55,1.155,0.6216666666666666,0.586,0.9016008443620231,0.0177992181563008,1.69,0.28,7.5,-2.6976986797931,0.057458161166655,1.07569999999999,3.9e-06,mp-40066,-0.40419325,16.03499,16.03499
2,8,7,1.0,1.83,1.55,1.155,0.6216666666666666,0.586,0.9016008443620231,0.0177992181563008,1.69,0.28,7.5,-2.6905718437931,0.064584997166653,1.4781,3.9943381,mp-41963,-0.40400591,16.05534,16.05534
2,7,6,1.0,1.55,2.16,1.155,0.586,0.58,0.911073033427838,0.0030257186066435,1.855,0.6100000000000001,6.5,-2.8261777087931,0.063149547641668,1.3872,7.9999727,mp-684705,-0.4244202,11.526909,11.526909
2,7,5,1.0,1.55,1.6,1.155,0.586,0.677142857142857,0.8892908218212245,0.0448632304117824,1.5750000000000002,0.05,6.0,-3.2073120405431,0.007620192874997,2.4089,0.0,mp-1227173,-0.21957767,18.697739,18.697739
2,7,5,1.0,1.55,1.6,1.155,0.586,0.677142857142857,0.8892908218212245,0.0448632304117824,1.5750000000000002,0.05,6.0,-3.1625631067931,0.052369126624997,2.44389999999999,10.0000037,mp-694885,-0.43727785,9.323528,9.323528
2,5,9,1.0,1.6,1.88,1.155,0.677142857142857,0.6255555555555555,0.8807168568457358,0.025147986214382,1.74,0.2799999999999998,7.0,-3.053297722,0.009486787375001,0.713499999999999,4.06e-05,mp-1227224,-0.21035269,11.220535,11.220535
2,6,5,1.0,1.66,1.5,1.155,0.521,0.6940000000000001,0.8999540848295219,0.0861768368188409,1.58,0.1599999999999999,5.5,-3.29182253648333,0.035145320874999,2.10459999999999,5e-07,mp-1040806,-0.22731261,15.147634,15.147634
2,8,5,1.0,1.83,1.5,1.155,0.6216666666666666,0.6940000000000001,0.877941763332387,0.0351502389073539,1.665,0.33,6.5,-3.21720305373333,0.0,1.89719999999999,8.0000221,mp-1043970,-0.4436729,7.81934,7.81934
2,6,4,1.0,1.66,1.54,1.155,0.521,0.6341666666666667,0.913568492833326,0.0572247271212045,1.6,0.1199999999999998,5.0,-3.37671719458333,0.006414756125,2.68769999999999,2e-06,mp-39159,-0.2191486,11.8595,11.8595
2,8,4,1.0,1.83,1.54,1.155,0.6216666666666666,0.6341666666666667,0.8908935238800106,0.0061639613694692,1.685,0.29,6.0,-3.20054750483333,0.00395897575,0.0,1e-06,mp-1043825,-0.21181257,19.249815,19.249815
2,7,4,1.0,1.55,1.54,1.155,0.586,0.6341666666666667,0.8987974753763524,0.0239625222715663,1.545,0.01,5.5,-3.26121205637643,0.088569546619055,0.2488,0.0,mp-40866,-0.21563919,16.249947,16.249947
2,6,5,1.0,1.66,1.63,1.155,0.521,0.576875,0.9269962865798124,0.0286694673232623,1.645,0.03,5.5,-3.06073793449999,0.012913291580348,1.5655,3.9962311,mp-1048855,-0.4284308,8.274928,8.274928
2,8,5,1.0,1.83,1.63,1.155,0.6216666666666666,0.576875,0.9036583714275724,0.022404001447659,1.73,0.2000000000000001,6.5,-2.888186702,0.012774371857144,0.0,10.0000008,mp-1043924,-0.41422892,11.92291,11.92291
2,8,5,1.0,1.83,1.63,1.155,0.6216666666666666,0.576875,0.9036583714275724,0.022404001447659,1.73,0.2000000000000001,6.5,-2.7651151875,0.135845886357143,1.0776,6.0000195,mp-1227087,-0.8225459,5.5817842,5.5817842
2,8,5,1.0,1.83,1.63,1.155,0.6216666666666666,0.576875,0.9036583714275724,0.022404001447659,1.73,0.2000000000000001,6.5,-2.87007376883333,0.030887305023812,0.1109,18.0006479,mp-684837,-0.2757541,17.543627,17.543627
2,8,7,1.0,1.83,1.55,1.155,0.6216666666666666,0.586,0.9016008443620231,0.0177992181563008,1.69,0.28,7.5,-2.0965567557931,0.014174021791656,0.704899999999999,15.9977427,mp-1227209,-0.36853072,16.13087,16.13087
2,7,9,1.0,1.55,2.2,1.155,0.586,0.625,0.9008515708275396,0.0194465220546265,1.875,0.6500000000000001,8.0,-1.76091609532567,0.08423449462963,0.0,4.4633784,mp-1342876,-0.40564382,7.7010756,7.7010756
2,7,6,1.0,1.55,1.7,1.155,0.586,0.562,0.915226861846234,0.012158054705087,1.625,0.1499999999999999,6.5,-2.313512528659,0.111371464351847,0.855699999999999,8.3e-06,mp-1290713,-0.46166188,6.7451715,6.7451715
2,8,4,1.0,1.83,1.3,1.155,0.6216666666666666,0.72,0.8724303381801499,0.0474849094338102,1.565,0.53,6.0,-3.11856206874999,0.180109948,2.0833,5.0000007,mp-1519219,-0.86026657,4.732404,4.732404
2,4,4,1.0,1.3,1.54,1.155,0.72,0.6341666666666667,0.8698051716669609,0.041323971895852,1.42,0.24,4.0,-3.52450232808333,0.19043320675,0.0,0.003676,mp-1521542,-0.8966753,0.25834352,0.25834352
2,7,4,1.0,1.55,1.54,1.155,0.586,0.6341666666666667,0.8987974753763524,0.0239625222715663,1.545,0.01,5.5,-3.08497643187643,0.174806552749999,0.0,3.66e-05,mp-41742,-0.42931876,8.048346,8.048346
2,6,4,1.0,1.66,1.33,1.155,0.521,0.7466666666666667,0.8883018070819494,0.1109563221612933,1.495,0.3299999999999998,5.0,-3.20695342975,0.199055479000001,2.4074,3.0000005,mp-1522086,-0.8669345,2.4820437,2.4820437
2,8,4,1.0,1.83,1.54,1.155,0.6216666666666666,0.6341666666666667,0.8908935238800106,0.0061639613694692,1.685,0.29,6.0,-3.12357412141666,0.019325853499998,1.3812,15.9990178,mp-1200872,-0.21719937,16.772469,16.772469
2,7,4,1.0,1.55,1.54,1.155,0.586,0.6341666666666667,0.8987974753763524,0.0239625222715663,1.545,0.01,5.5,-3.23747311970977,0.017872486999987,1.57999999999999,19.9994819,mp-1194928,-0.22212383,19.018993,19.018993
2,5,4,1.0,1.6,1.54,1.155,0.677142857142857,0.6341666666666667,0.8788722011064395,0.0209063269045539,1.57,0.06,4.5,-2.86222059899999,0.179617786326392,0.0,4.7e-06,mp-1520239,-0.8121106,0.28692394,0.28692394
2,4,5,1.0,1.33,1.6,1.155,0.7466666666666667,0.677142857142857,0.8554636827928122,0.0329199548885835,1.465,0.27,4.5,-2.92802271066666,0.195873470513893,0.5202,0.0,mp-1517467,-0.8222976,0.1442543,0.1442543
2,9,9,1.0,1.88,2.2,1.155,0.6255555555555555,0.625,0.8920543370022032,0.0002743107939943,2.04,0.3200000000000003,9.0,-2.12642163525,0.0,0.0,5.0487675,mp-1287594,-0.17679411,12.767525,12.767525
2,9,9,1.0,1.88,2.2,1.155,0.6255555555555555,0.625,0.8920543370022032,0.0002743107939943,2.04,0.3200000000000003,9.0,-2.09678702925,0.029634606000013,0.0,2.22924,mp-1310548,-0.17676955,11.2050085,11.2050085
2,9,9,1.0,1.88,2.28,1.155,0.6255555555555555,0.605,0.896480795461309,0.0101998621589635,2.08,0.3999999999999999,9.0,-1.9179904905,0.149276850833322,0.074599999999999,3.9994028,mp-1378169,-0.3381009,5.8151474,5.8151474
2,9,6,1.0,1.88,1.7,1.155,0.6255555555555555,0.562,0.9061480398806266,0.0318769504967179,1.79,0.1799999999999999,7.5,-2.5920701,0.024863830999991,0.0,0.0022291,mp-1045281,-0.3971385,5.745353,5.745353
2,9,6,1.0,1.88,1.7,1.155,0.6255555555555555,0.562,0.9061480398806266,0.0318769504967179,1.79,0.1799999999999999,7.5,-2.49281580799999,0.124118122999992,1.49299999999999,3.0007263,mp-1398590,-0.7874275,3.0255163,3.0255163
2,9,6,1.0,1.88,1.7,1.155,0.6255555555555555,0.562,0.9061480398806266,0.0318769504967179,1.79,0.1799999999999999,7.5,-2.61693393099999,0.0,1.2029,6.0001157,mp-19161,-0.3980921,5.594602,5.594602
2,9,6,1.0,2.2,1.66,1.155,0.625,0.521,0.9156907375996642,0.0527116066636028,1.93,0.5400000000000003,7.5,-2.40174064049999,0.0,0.0,2.0272945,mp-1367307,-0.3802821,6.414655,6.414655
2,6,6,1.0,1.7,1.66,1.155,0.562,0.521,0.9305474248125842,0.0211176924949175,1.68,0.04,6.0,-2.768614624,0.034184157694442,1.69519999999999,1.99933199999999,mp-1045238,-0.41926032,8.146246,8.146246
2,6,6,1.0,1.7,1.66,1.155,0.562,0.521,0.9305474248125842,0.0211176924949175,1.68,0.04,6.0,-2.7694489315,0.033349850194442,1.8837,1.45e-05,mp-1272359,-0.41926914,8.158802,8.158802
2,6,6,1.0,1.7,1.66,1.155,0.562,0.521,0.9305474248125842,0.0211176924949175,1.68,0.04,6.0,-2.78768432349999,0.015114458194442,1.7595,3.9998085,mp-1282800,-0.41996002,8.26991,8.26991
2,6,6,1.0,1.7,1.66,1.155,0.562,0.521,0.9305474248125842,0.0211176924949175,1.68,0.04,6.0,-2.76834286299999,0.034455918694442,1.6023,2.0041526,mp-1445093,-0.8384406,4.0735226,4.0735226
2,8,9,1.0,1.83,2.2,1.155,0.6216666666666666,0.625,0.8929116105273038,0.0016474464571759,2.015,0.3700000000000001,8.5,-2.24188327125,0.0,0.0,7.9770048,mp-1306506,-0.18303627,20.029865,20.029865
2,8,6,1.0,1.83,2.16,1.155,0.6216666666666666,0.58,0.9029526823622548,0.0208246563827614,1.995,0.33,7.0,-2.54806293299999,0.003955293000005,1.1193,11.9991657,mp-18783,-0.392376,11.905908,11.905908
2,7,8,1.0,1.9,1.83,1.155,0.534,0.6216666666666666,0.9134530169136528,0.0443245976012515,1.865,0.0699999999999998,7.5,-2.55467773025,0.0,0.0,11.9999981,mp-31763,-0.19939545,19.176954,19.176954
2,8,6,1.0,1.83,1.7,1.155,0.6216666666666666,0.562,0.9070326292144222,0.0299556522316346,1.765,0.1300000000000001,7.0,-2.65016495749999,0.0223446715,3.26309999999999,0.000117799999999,mp-1048318,-0.40691322,8.035094,8.035094
2,8,6,1.0,1.83,1.7,1.155,0.6216666666666666,0.562,0.9070326292144222,0.0299556522316346,1.765,0.1300000000000001,7.0,-2.672509629,0.0,3.0012,8.0009437,mp-1275487,-0.40790552,7.882651,7.882651
2,8,6,1.0,1.83,1.7,1.155,0.6216666666666666,0.562,0.9070326292144222,0.0299556522316346,1.765,0.1300000000000001,7.0,-2.486460758,0.186048871,0.0,4.0000202,mp-19059,-0.80444336,5.0217366,5.0217366
2,8,6,1.0,1.83,1.7,1.155,0.6216666666666666,0.562,0.9070326292144222,0.0299556522316346,1.765,0.1300000000000001,7.0,-2.54678106799999,0.125728561,2.7594,4.0000248,mp-19864,-0.8060256,4.6352553,4.6352553
2,8,6,1.0,1.83,1.7,1.155,0.6216666666666666,0.562,0.9070326292144222,0.0299556522316346,1.765,0.1300000000000001,7.0,-2.485544567,0.186965062,2.5738,4.0002187,mp-619611,-0.80435765,4.9708996,4.9708996
2,8,6,1.0,1.83,1.7,1.155,0.6216666666666666,0.562,0.9070326292144222,0.0299556522316346,1.765,0.1300000000000001,7.0,-2.50112905749999,0.1713805715,1.875,12.0000017,mp-623098,-0.40223703,10.707772,10.707772
2,5,4,1.0,1.6,1.3,1.155,0.677142857142857,0.72,0.8608988956610052,0.0204220558105546,1.4500000000000002,0.3,4.5,-3.332170996,0.186267606374993,0.0,0.029183999999999,mp-1523252,-0.8717435,0.18670222,0.18670222
2,4,4,1.0,1.3,1.54,1.155,0.72,0.6341666666666667,0.8698051716669609,0.041323971895852,1.42,0.24,4.0,-3.57240327933333,0.116109330750001,2.4866,0.0,mp-1516534,-0.8712373,0.09793266,0.09793266
2,4,4,1.0,1.33,1.3,1.155,0.7466666666666667,0.72,0.8468708556247503,0.0124999999941404,1.315,0.03,4.0,-3.57214105499999,0.173415511250002,3.4088,0.0,mp-1522139,-0.8779049,0.10955432,0.10955432
2,9,9,1.0,2.28,2.2,1.155,0.605,0.625,0.8966043798003146,0.0099255583077292,2.24,0.0799999999999996,9.0,-2.10618437699999,0.0,0.0,2.0008454,mp-1227404,-0.70733064,0.30630985,0.30630985
2,9,6,1.0,2.2,1.7,1.155,0.625,0.562,0.9062743041338328,0.0316027087877588,1.95,0.5000000000000002,7.5,-2.39178485199999,0.155703282250001,1.1277,2.0000085,mp-1369951,-0.3948701,3.1592615,3.1592615
2,7,9,1.0,1.55,2.2,1.155,0.586,0.625,0.9008515708275396,0.0194465220546265,1.875,0.6500000000000001,8.0,-2.2980209892931,0.020710273166668,0.0,8.3378266,mp-39440,-0.37395328,9.524347,9.524347
2,5,7,1.0,1.6,1.55,1.155,0.677142857142857,0.586,0.8892908218212245,0.0448632304117824,1.5750000000000002,0.05,6.0,-3.0011409197931,0.013132983374999,0.0,5.29999999999999e-06,mp-1227519,-0.20731512,16.03562,16.03562
2,7,10,1.0,1.55,1.91,1.155,0.586,0.5714285714285715,0.9130463343442388,0.0073640892317124,1.73,0.3599999999999999,8.5,-1.9918063322931,0.188666540791666,0.0,9.9965697,mp-1326305,-0.34598613,9.657253,9.657253
2,7,7,1.0,1.9,1.55,1.155,0.534,0.586,0.9217641965713484,0.0265306122313618,1.725,0.3499999999999998,7.0,-2.6559970390431,0.000765378702379,0.1472,15.2418359,mp-1106155,-0.2040885,17.676165,17.676165
2,7,8,1.0,1.55,2.2,1.155,0.586,0.521,0.924831238944292,0.0332736114495655,1.875,0.6500000000000001,7.5,-2.3941978387931,0.0,0.0,2.1036916,mp-1227575,-0.37955672,11.246709,11.246709
2,7,6,1.0,1.55,1.7,1.155,0.586,0.562,0.915226861846234,0.012158054705087,1.625,0.1499999999999999,6.5,-2.7569592952931,0.020584987000058,2.6496,1e-06,mp-1045241,-0.41628814,9.32133,9.32133
2,7,6,1.0,1.55,1.7,1.155,0.586,0.562,0.915226861846234,0.012158054705087,1.625,0.1499999999999999,6.5,-2.7553590757931,0.022185206500058,2.5151,5.0002154,mp-1391233,-0.83248186,4.672337,4.672337
2,7,6,1.0,1.55,1.7,1.155,0.586,0.562,0.915226861846234,0.012158054705087,1.625,0.1499999999999999,6.5,-2.7775442822931,0.0,2.1817,0.0,mp-19108,-0.41719294,9.356883,9.356883
2,6,6,1.0,1.7,2.16,1.155,0.562,0.58,0.9166199012092746,0.0091324200866908,1.93,0.4600000000000002,6.0,-2.63737325399999,0.024651902499998,1.9254,4.0000026,mp-1047241,-0.8338154,4.0754123,4.0754123
2,6,6,1.0,1.7,2.16,1.155,0.562,0.58,0.9166199012092746,0.0091324200866908,1.93,0.4600000000000002,6.0,-2.661461421,0.000563735499998,1.55059999999999,7.9999718,mp-1347979,-0.41785488,8.244405,8.244405
2,5,6,1.0,1.6,1.66,1.155,0.677142857142857,0.521,0.9037485101688696,0.0781076928183261,1.63,0.0599999999999998,5.5,-3.11584376349999,0.0,2.7637,2.8e-06,mp-1214115,-0.21077833,11.63776,11.63776
2,5,8,1.0,1.6,1.83,1.155,0.677142857142857,0.6216666666666666,0.8815524677658745,0.0270694161935879,1.715,0.2299999999999999,6.5,-2.94169549199999,0.0,2.08709999999999,0.0,mp-1214121,-0.20365593,19.304325,19.304325
2,10,9,1.0,1.91,2.2,1.155,0.5714285714285715,0.625,0.9041361770899842,0.0268096514611139,2.055,0.2900000000000002,9.5,-2.094400157,0.0,0.0,5.4432862,mp-1047142,-0.3456692,4.5867467,4.5867467
2,10,6,1.0,1.91,1.7,1.155,0.5714285714285715,0.562,0.9186173296269686,0.0047940727803038,1.805,0.2099999999999999,8.0,-2.50167008399999,0.106510789000001,0.5975,1.9999969,mp-1397424,-0.7730047,2.0650294,2.0650294
2,10,6,1.0,1.91,1.7,1.155,0.5714285714285715,0.562,0.9186173296269686,0.0047940727803038,1.805,0.2099999999999999,8.0,-2.608180873,0.0,2.933,0.0,mp-19114,-0.39081332,4.004572,4.004572
2,10,6,1.0,1.91,1.7,1.155,0.5714285714285715,0.562,0.9186173296269686,0.0047940727803038,1.805,0.2099999999999999,8.0,-2.50652113299999,0.101659740000001,1.50129999999999,4.0002619,mp-556384,-0.38787192,3.918285,3.918285
2,9,5,1.0,1.88,1.5,1.155,0.6255555555555555,0.6940000000000001,0.8771129802461293,0.0332290430305824,1.69,0.3799999999999999,7.0,-2.88907456023333,0.037270560114286,0.361199999999999,7.99913169999999,mp-1377373,-0.40757543,6.152565,6.152565
2,5,6,1.0,1.5,1.66,1.155,0.6940000000000001,0.521,0.8999540848295219,0.0861768368188409,1.58,0.1599999999999999,5.5,-3.23331910423333,0.0,2.7922,3.9e-06,mp-1214103,-0.21824959,11.79812,11.79812
2,5,6,1.0,1.5,1.66,1.155,0.6940000000000001,0.521,0.8999540848295219,0.0861768368188409,1.58,0.1599999999999999,5.5,-3.21016376548333,0.023155338749967,2.63519999999999,0.0,mp-1345721,-0.21765098,11.928449,11.928449
2,8,5,1.0,1.83,1.5,1.155,0.6216666666666666,0.6940000000000001,0.877941763332387,0.0351502389073539,1.665,0.33,6.5,-3.03563844373333,0.005046326249999,1.2064,10.0000289,mp-1341944,-0.4211421,9.469734,9.469734
2,5,7,1.0,1.5,1.55,1.155,0.6940000000000001,0.586,0.8856165810320602,0.0529411764446367,1.525,0.05,6.0,-3.11306568052643,0.008585782196426,0.0,8.5e-06,mp-558810,-0.21439469,16.440872,16.440872
2,5,6,1.0,1.5,2.16,1.155,0.6940000000000001,0.58,0.8869208764381349,0.0559646538753241,1.83,0.6600000000000001,5.5,-3.08376108273333,0.0,1.4283,6.0035494,mp-1366540,-0.43395543,5.7625217,5.7625217
2,5,10,1.0,1.5,1.91,1.155,0.6940000000000001,0.5714285714285715,0.8887908340095657,0.0602993885429687,1.705,0.4099999999999999,7.5,-2.77180654573333,0.086347068833335,0.0,5.9979182,mp-1367927,-0.3972469,3.9873548,3.9873548
2,5,4,1.0,1.5,1.54,1.155,0.6940000000000001,0.6341666666666667,0.8752833745307649,0.0289878476988228,1.52,0.04,4.5,-3.44584108006666,0.004500878789054,0.0,0.051590699999999,mp-1373655,-0.43870336,0.66239023,0.66239023
2,5,5,1.0,1.5,1.63,1.155,0.6940000000000001,0.576875,0.887601719681395,0.057542911507947,1.565,0.1299999999999999,5.0,-3.25461470673333,0.0,0.431499999999999,4.0166216,mp-1373426,-0.43447798,3.7961278,3.7961278
2,5,6,1.0,1.5,1.7,1.155,0.6940000000000001,0.562,0.8908569158292394,0.0650887573643546,1.6,0.1999999999999999,5.5,-3.03421970973333,0.072614909499996,2.1053,6.0001084,mp-1367958,-0.44194722,5.547696,5.547696
2,5,6,1.0,1.5,1.7,1.155,0.6940000000000001,0.562,0.8908569158292394,0.0650887573643546,1.6,0.1999999999999999,5.5,-3.00860780723333,0.098226811999994,0.0,6.0008775,mp-1372505,-0.4414649,5.4920535,5.4920535
2,5,6,1.0,1.5,1.7,1.155,0.6940000000000001,0.562,0.8908569158292394,0.0650887573643546,1.6,0.1999999999999999,5.5,-3.00570899673333,0.101125622499996,2.2589,3.0000966,mp-1443834,-0.8819071,2.7571244,2.7571244
2,4,6,1.0,1.54,1.66,1.155,0.6341666666666667,0.521,0.913568492833326,0.0572247271212045,1.6,0.1199999999999998,5.0,-3.08988691783333,0.029853680000003,1.1492,3.9999843,mp-1227758,-0.40965956,4.9995947,4.9995947
2,4,9,1.0,1.54,2.2,1.155,0.6341666666666667,0.625,0.8901619340433699,0.0045165263783946,1.87,0.6600000000000001,6.5,-2.81191228433333,0.017106052750003,0.0,2.0018786,mp-1340170,-0.39166144,0.92176473,0.92176473
2,7,4,1.0,1.55,1.54,1.155,0.586,0.6341666666666667,0.8987974753763524,0.0239625222715663,1.545,0.01,5.5,-3.02551289537643,0.020287187166669,0.875,1e-07,mp-1080507,-0.20222905,12.624816,12.624816
2,7,4,1.0,1.55,1.54,1.155,0.586,0.6341666666666667,0.8987974753763524,0.0239625222715663,1.545,0.01,5.5,-3.04050740012643,0.005292682416669,1.947,1.8e-06,mp-1227706,-0.20251426,13.213541,13.213541
2,4,8,1.0,1.54,2.2,1.155,0.6341666666666667,0.521,0.913568492833326,0.0572247271212045,1.87,0.6600000000000001,6.0,-2.88846236583333,0.002925520000021,0.0,3.9594791,mp-1227718,-0.39738187,3.31093,3.31093
2,4,6,1.0,1.54,1.7,1.155,0.6341666666666667,0.562,0.904195433269683,0.0361179463471904,1.62,0.1599999999999999,5.0,-3.08204899183333,0.031877521888885,0.3989,3.99953209999999,mp-1367801,-0.42525816,3.674989,3.674989
2,4,6,1.0,1.54,1.7,1.155,0.6341666666666667,0.562,0.904195433269683,0.0361179463471904,1.62,0.1599999999999999,5.0,-2.98142942733333,0.132497086388884,0.0,2.0000631,mp-1384639,-0.84316623,1.6404865,1.6404865
2,9,5,1.0,2.2,1.63,1.155,0.625,0.576875,0.902905675611146,0.0240512259757982,1.915,0.5700000000000003,7.0,-2.484801397,0.092254102660715,0.4312,0.0001271,mp-1379764,-0.38237983,1.9187968,1.9187968
2,5,6,1.0,1.63,2.16,1.155,0.576875,0.58,0.9131740705915232,0.0015795292994701,1.895,0.5300000000000002,5.5,-2.7241696865,0.054269493705369,0.6962,1.34e-05,mp-1227834,-0.40548962,6.251965,6.251965
2,5,6,1.0,1.63,1.7,1.155,0.576875,0.562,0.9173471233704884,0.0075529180247898,1.665,0.07,5.5,-2.78954517299999,0.050911607958335,0.882899999999999,3.000141,mp-1047139,-0.8351099,2.4972248,2.4972248
2,5,6,1.0,1.63,1.7,1.155,0.576875,0.562,0.9173471233704884,0.0075529180247898,1.665,0.07,5.5,-2.7925790935,0.047877687458335,1.021,1.3e-06,mp-1274301,-0.4176197,5.09725,5.09725
2,5,6,1.0,1.63,1.7,1.155,0.576875,0.562,0.9173471233704884,0.0075529180247898,1.665,0.07,5.5,-2.81378807449999,0.026668706458334,0.0,3.21e-05,mp-1296431,-0.41856083,5.1916647,5.1916647
2,8,4,1.0,1.83,1.33,1.155,0.6216666666666666,0.7466666666666667,0.8668490165463449,0.0599760095673845,1.58,0.5,6.0,-2.79985233499999,0.149494715000002,0.0,4.0000008,mp-1521637,-0.788146,3.9999218,3.9999218
2,5,4,1.0,1.6,1.33,1.155,0.677142857142857,0.7466666666666667,0.8554636827928122,0.0329199548885835,1.465,0.27,4.5,-3.253079747,0.189977358624991,0.0,2.95e-05,mp-1517008,-0.85024416,0.18475722,0.18475722
2,4,4,1.0,1.33,1.54,1.155,0.7466666666666667,0.6341666666666667,0.864257281397093,0.053817022099031,1.435,0.2099999999999999,4.0,-3.47944129033333,0.133689823,2.39329999999999,0.0,mp-1518628,-0.84767807,0.08915376,0.08915376
2,9,9,1.0,1.88,2.28,1.155,0.6255555555555555,0.605,0.896480795461309,0.0101998621589635,2.08,0.3999999999999999,9.0,-2.36539018795454,0.019429934545461,0.0,4.0,mp-1652492,-0.15705991,11.612872,11.612872
2,9,9,1.0,1.88,2.28,1.155,0.6255555555555555,0.605,0.896480795461309,0.0101998621589635,2.08,0.3999999999999999,9.0,-2.36658837590909,0.018231746590915,0.024499999999999,8.0001022,mp-1666380,-0.314116,5.8228793,5.8228793
2,9,9,1.0,1.88,2.28,1.155,0.6255555555555555,0.605,0.896480795461309,0.0101998621589635,2.08,0.3999999999999999,9.0,-2.3656653290909,0.019154793409096,0.0,4.0385332,mp-1983384,-0.15706185,11.612036,11.612036
2,9,9,1.0,1.88,2.28,1.155,0.6255555555555555,0.605,0.896480795461309,0.0101998621589635,2.08,0.3999999999999999,9.0,-2.36578515477272,0.019034967727278,0.0,0.0463643,mp-1986469,-0.1570641,11.622173,11.622173
2,9,9,1.0,1.88,2.28,1.155,0.6255555555555555,0.605,0.896480795461309,0.0101998621589635,2.08,0.3999999999999999,9.0,-2.36637120431818,0.018448918181825,0.2555,0.0029689,mp-551544,-0.15706217,11.639687,11.639687
2,9,9,1.0,1.88,2.28,1.155,0.6255555555555555,0.605,0.896480795461309,0.0101998621589635,2.08,0.3999999999999999,9.0,-2.32800403636363,0.056816086136369,0.760399999999999,8.0017292,mp-551706,-0.3138918,5.977663,5.977663
2,8,9,1.0,1.83,2.28,1.155,0.6216666666666666,0.605,0.8973466019687626,0.0082781456912525,2.055,0.4499999999999997,8.5,-2.46065435681818,0.016226191250008,0.8859,2e-06,mp-18843,-0.1615877,17.975279,17.975279
2,9,7,1.0,1.88,1.55,1.155,0.6255555555555555,0.586,0.9007268129654592,0.0197208065489981,1.715,0.3299999999999998,8.0,-2.60747788526645,0.0,2.1034,0.0046606,mp-1232815,-0.3313367,11.409773,11.409773
2,9,7,1.0,1.88,1.55,1.155,0.6255555555555555,0.586,0.9007268129654592,0.0197208065489981,1.715,0.3299999999999998,8.0,-2.60746227708463,1.56081818181164e-05,0.442099999999999,0.0055613,mp-561610,-0.33133817,11.392881,11.392881
2,7,10,1.0,1.55,1.91,1.155,0.586,0.5714285714285715,0.9130463343442388,0.0073640892317124,1.73,0.3599999999999999,8.5,-2.57526185935736,0.00090297787879,0.0,1.9988883,mp-22533,-0.32485777,9.973329,9.973329
2,10,4,1.0,1.91,1.54,1.155,0.5714285714285715,0.6341666666666667,0.902067092606632,0.0313252295739214,1.725,0.3699999999999999,7.0,-2.98184012848484,0.058222049318183,3.1552,4.0064996,mp-997184,-0.33948377,3.8725765,3.8725765
2,9,6,1.0,1.88,1.7,1.155,0.6255555555555555,0.562,0.9061480398806266,0.0318769504967179,1.79,0.1799999999999999,7.5,-1.99332652999999,0.181525708333335,0.0,2.0002192,mp-1372511,-0.4316796,4.501644,4.501644
2,5,4,1.0,1.6,1.3,1.155,0.677142857142857,0.72,0.8608988956610052,0.0204220558105546,1.4500000000000002,0.3,4.5,-3.35924014749999,0.13301374258334,0.0,6.481245,mp-1522808,-0.95685613,6.9748898,6.9748898
2,4,4,1.0,1.3,1.54,1.155,0.72,0.6341666666666667,0.8698051716669609,0.041323971895852,1.42,0.24,4.0,-3.59718215083333,0.0925478675,0.0,7.0000165,mp-1519554,-0.9574319,6.8504415,6.8504415
2,4,5,1.0,1.3,1.63,1.155,0.72,0.576875,0.8819687324157962,0.0698703279597887,1.465,0.3299999999999998,4.5,-3.2651381615,0.140260932562501,0.0,8.0000001,mp-1519493,-0.9394997,7.824863,7.824863
2,4,4,1.0,1.33,1.3,1.155,0.7466666666666667,0.72,0.8468708556247503,0.0124999999941404,1.315,0.03,4.0,-3.6019453195,0.128619155250001,0.3977,6.9999998,mp-1522072,-0.96489084,6.894191,6.894191
2,7,6,1.0,1.55,1.7,1.155,0.586,0.562,0.915226861846234,0.012158054705087,1.625,0.1499999999999999,6.5,-2.6462208132931,0.114910687250002,0.283999999999999,11.9994527,mp-1517301,-0.90658176,11.26341,11.26341
2,8,5,1.0,1.83,1.6,1.155,0.6216666666666666,0.677142857142857,0.8815524677658745,0.0270694161935879,1.715,0.2299999999999999,6.5,-2.8604638795,0.110771709625007,0.0,11.7352481,mp-1521619,-0.89120066,11.481994,11.481994
2,4,7,1.0,1.33,1.55,1.155,0.7466666666666667,0.586,0.8743302913276578,0.0777544764908431,1.44,0.2199999999999999,5.5,-3.0254176532931,0.182227418500001,0.0,10.0000002,mp-1521618,-0.9016134,9.810994,9.810994
2,4,5,1.0,1.33,1.6,1.155,0.7466666666666667,0.677142857142857,0.8554636827928122,0.0329199548885835,1.465,0.27,4.5,-3.2841151115,0.143949902625012,0.0,6.7208012,mp-1519002,-0.9352891,6.990013,6.990013
2,4,4,1.0,1.33,1.54,1.155,0.7466666666666667,0.6341666666666667,0.864257281397093,0.053817022099031,1.435,0.2099999999999999,4.0,-3.50778114083333,0.106567380749998,0.0,7.0027481,mp-1518717,-0.93416595,6.8585305,6.8585305
2,4,5,1.0,1.33,1.63,1.155,0.7466666666666667,0.576875,0.8762650999340853,0.0823523467493263,1.48,0.2999999999999998,4.5,-3.1782464325,0.153132604000003,0.0,8.0000005,mp-1518352,-0.9169785,7.8315525,7.8315525
2,7,8,1.0,1.9,1.83,1.155,0.534,0.6216666666666666,0.9134530169136528,0.0443245976012515,1.865,0.0699999999999998,7.5,-2.25660248472222,0.04339175130093,0.685099999999999,10.0002146,mp-1343817,-0.45033154,9.763709,9.763709
2,8,6,1.0,1.83,1.7,1.155,0.6216666666666666,0.562,0.9070326292144222,0.0299556522316346,1.765,0.1300000000000001,7.0,-2.14100436999999,0.150562357500001,0.0,6.0035849,mp-1385922,-0.8951823,4.9872904,4.9872904
2,8,6,1.0,1.83,1.7,1.155,0.6216666666666666,0.562,0.9070326292144222,0.0299556522316346,1.765,0.1300000000000001,7.0,-2.14155687777777,0.150009849722223,0.0,6.0,mp-1391360,-0.89518476,4.9902234,4.9902234
12,9,7,1.22,1.88,1.55,1.0545714285714287,0.6255555555555555,0.586,0.8653222309405939,0.0197208065489981,1.715,0.3299999999999998,8.0,-2.65605649362643,0.196896376944451,0.391799999999999,11.9999905,mp-1237349,-0.4105865,13.184713,13.184713
12,10,8,1.22,1.91,2.2,1.0545714285714287,0.5714285714285715,0.521,0.8918052416730684,0.0259111094666292,2.055,0.2900000000000002,9.0,-2.65071666983333,0.032721849499996,0.0,7.9971609,mp-1213197,-0.4013276,6.8820095,6.8820095
12,8,5,1.22,1.83,1.63,1.0545714285714287,0.6216666666666666,0.576875,0.8681385595677132,0.022404001447659,1.73,0.2000000000000001,6.5,-3.06145664283333,0.023038897500006,1.3296,13.999983,mp-1225428,-0.43554026,12.998175,12.998175
9,9,8,,1.88,2.2,1.1569999999999998,0.6255555555555555,0.521,0.9162785185176864,0.0529857259226402,2.04,0.3200000000000003,8.5,-2.339215697,0.075035380249998,0.0,26.0033202,mp-1213340,-0.44749635,34.388657,34.388657
9,9,6,,1.88,1.7,1.1569999999999998,0.6255555555555555,0.562,0.9068573534147796,0.0318769504967179,1.79,0.1799999999999999,7.5,-2.478047705,0.125529957499997,0.0,16.2706353,mp-1520430,-0.9560653,16.39254,16.39254
9,8,6,,1.83,1.7,1.1569999999999998,0.6216666666666666,0.562,0.90774263518641,0.0299556522316346,1.765,0.1300000000000001,7.0,-2.521126592,0.113768692249994,0.0,17.5696206,mp-1521041,-0.970866,18.665276,18.665276
9,4,8,,1.3,1.83,1.1569999999999998,0.72,0.6216666666666666,0.8731132582100365,0.0474849094338102,1.565,0.53,6.0,-3.06860048,0.156232988249996,0.0,18.0000008,mp-1518318,-0.9931075,18.190958,18.190958
9,4,5,,1.3,1.6,1.1569999999999998,0.72,0.677142857142857,0.8615727891214051,0.0204220558105546,1.4500000000000002,0.3,4.5,-3.389352887,0.04226190400001,0.0,1.267519,mp-1518357,-1.0415986,13.8069,13.8069
9,4,4,,1.3,1.54,1.1569999999999998,0.72,0.6341666666666667,0.8704860367719839,0.041323971895852,1.42,0.24,4.0,-3.62209995733333,0.016994092500002,0.003499999999999,13.9542585,mp-1521653,-1.0420424,13.704957,13.704957
9,4,5,,1.3,1.63,1.1569999999999998,0.72,0.576875,0.8826591188990962,0.0698703279597887,1.465,0.3299999999999998,4.5,-3.305448941,0.05667760725001,0.0,14.9999999,mp-1518592,-1.0244288,14.925127,14.925127
9,4,6,,1.3,1.7,1.1569999999999998,0.72,0.562,0.8858755702437986,0.0774130327891166,1.5,0.3999999999999999,5.0,-3.07431393,0.159715639499994,0.0,15.9999995,mp-1518017,-1.0398146,15.411943,15.411943
9,4,4,,1.3,1.33,1.1569999999999998,0.72,0.7466666666666667,0.8475337682318929,0.0124999999941404,1.315,0.03,4.0,-3.633371646,0.046556860250001,0.3481,13.9999999,mp-1520691,-1.0501503,13.803144,13.803144
9,7,9,,1.55,2.28,1.1569999999999998,0.586,0.605,0.9060746874734704,0.0095214231974335,1.915,0.7299999999999998,8.0,-2.4150232312931,0.090730552083327,0.0,31.9999204,mp-1225753,-0.4535498,34.534714,34.534714
9,7,6,,1.55,1.7,1.1569999999999998,0.586,0.562,0.9159432820903404,0.012158054705087,1.625,0.1499999999999999,6.5,-2.6748747717931,0.069843946999998,0.387599999999999,19.0000014,mp-1516440,-0.9910084,18.11739,18.11739
9,8,5,,1.83,1.6,1.1569999999999998,0.6216666666666666,0.677142857142857,0.8822425284060043,0.0270694161935879,1.715,0.2299999999999999,6.5,-2.886674052,0.082983350249996,0.0,18.5562942,mp-1516596,-0.9766138,18.290642,18.290642
9,5,6,,1.6,1.7,1.1569999999999998,0.677142857142857,0.562,0.8952751129678591,0.0570135106175924,1.65,0.0999999999999998,5.5,-2.813878178,0.162676300187497,0.0,16.9885395,mp-1519174,-1.0131502,15.973432,15.973432
9,10,6,,1.91,1.7,1.1569999999999998,0.5714285714285715,0.562,0.9193364038575964,0.0047940727803038,1.805,0.2099999999999999,8.0,-2.516327713,0.082602808124994,0.442999999999999,16.0000006,mp-1516887,-0.9412963,15.29235,15.29235
9,5,4,,1.6,1.54,1.1569999999999998,0.677142857142857,0.6341666666666667,0.8795601636904758,0.0209063269045539,1.57,0.06,4.5,-3.34329304933333,0.007749665500037,0.0,13.5124513,mp-1521061,-1.014333,13.763142,13.763142
9,5,6,,1.63,1.7,1.1569999999999998,0.576875,0.562,0.9180652033105045,0.0075529180247898,1.665,0.07,5.5,-2.733905529,0.080634846749999,0.3942,16.9999997,mp-1520585,-0.9928813,15.995309,15.995309
9,6,4,,1.66,1.33,1.1569999999999998,0.521,0.7466666666666667,0.8889971509622483,0.1109563221612933,1.495,0.3299999999999998,5.0,-3.166097654,0.10693787075,0.0,16.0000008,mp-1520930,-1.0002381,15.935761,15.935761
9,8,4,,1.83,1.33,1.1569999999999998,0.6216666666666666,0.7466666666666667,0.8675275676356179,0.0599760095673845,1.58,0.5,6.0,-2.974647611,0.188327871499993,0.0,18.0000007,mp-1519374,-0.96964246,18.191784,18.191784
9,5,4,,1.6,1.33,1.1569999999999998,0.677142857142857,0.7466666666666667,0.8561333216834522,0.0329199548885835,1.465,0.27,4.5,-3.317280466,0.074596705250039,0.0,13.599176,mp-1516495,-1.0202432,13.868026,13.868026
9,4,4,,1.33,1.54,1.1569999999999998,0.7466666666666667,0.6341666666666667,0.8649338037308676,0.053817022099031,1.435,0.2099999999999999,4.0,-3.53709541333333,0.062261016749999,0.0034,14.0001123,mp-1520462,-1.0193408,13.718019,13.718019
9,4,5,,1.33,1.63,1.1569999999999998,0.7466666666666667,0.576875,0.8769510217344251,0.0823523467493263,1.48,0.2999999999999998,4.5,-3.217619104,0.097406401812499,0.0,14.9999998,mp-1523032,-1.0009425,14.592863,14.592863
9,4,6,,1.33,1.7,1.1569999999999998,0.7466666666666667,0.562,0.880125931626639,0.0898912866672603,1.515,0.3699999999999999,5.0,-2.984259763,0.187911820749992,0.0,11.6227842,mp-1520588,-1.0180353,15.213311,15.213311
9,6,4,,1.66,1.3,1.1569999999999998,0.521,0.72,0.8948636668454526,0.0984904726065378,1.48,0.3599999999999999,5.0,-2.7592427035,0.174592803916665,0.0,9.8614031,mp-1519362,-0.9091253,9.3017435,9.3017435
10,9,7,1.2,1.88,1.55,1.0245,0.6255555555555555,0.586,0.8547210011877715,0.0197208065489981,1.715,0.3299999999999998,8.0,-2.8105339522931,0.0,0.9184,40.0000002,mp-1224833,-0.5099126,39.909462,39.909462
10,7,10,1.2,1.55,1.91,1.0245,0.586,0.5714285714285715,0.8664112867387895,0.0073640892317124,1.73,0.3599999999999999,8.5,-2.8014227372931,0.0,0.0,38.0000002,mp-1212655,-0.50286484,38.050175,38.050175
10,10,8,1.2,1.91,2.2,1.0245,0.5714285714285715,0.521,0.880879563441653,0.0259111094666292,2.055,0.2900000000000002,9.0,-2.60155644449999,0.027065080999996,0.0,36.0000013,mp-1212785,-0.4944271,34.950085,34.950085
10,8,5,1.2,1.83,1.63,1.0245,0.6216666666666666,0.576875,0.8575028264290214,0.022404001447659,1.73,0.2000000000000001,6.5,-3.0350072365,0.001298915750007,1.6075,37.9999995,mp-1225231,-0.5282744,37.913578,37.913578
1,5,6,0.82,1.6,1.7,1.5,0.677142857142857,0.562,1.0153687241324958,0.0570135106175924,1.65,0.0999999999999998,5.5,-2.629141614725,0.133338716383327,0.0,2.0,mp-1519547,-0.82513446,1.6376245,1.6376245
1,4,5,0.82,1.33,1.6,1.5,0.7466666666666667,0.677142857142857,0.9709763914282408,0.0329199548885835,1.465,0.27,4.5,-3.186071456725,0.075079918250001,2.243,0.0,mp-1520344,-0.83291703,0.052452974,0.052452974
1,8,4,0.82,1.83,1.3,1.5,0.6216666666666666,0.72,0.9902340433355912,0.0474849094338102,1.565,0.53,6.0,-2.595830415225,0.186028146124993,0.0,10.0001713,mp-1521506,-0.85724795,11.306896,11.306896
1,4,4,0.82,1.3,1.54,1.5,0.72,0.6341666666666667,0.9872544022834392,0.041323971895852,1.42,0.24,4.0,-3.29291488855833,0.150275441749997,0.0,6.0007605,mp-1521954,-0.9181161,6.9749537,6.9749537
1,4,4,0.82,1.33,1.3,1.5,0.7466666666666667,0.72,0.9612232803568594,0.0124999999941404,1.315,0.03,4.0,-3.327640105225,0.166383261137495,0.0,6.000085,mp-1518234,-0.928191,7.145395,7.145395
1,8,6,0.82,1.83,1.7,1.5,0.6216666666666666,0.562,1.0295086593823188,0.0299556522316346,1.765,0.1300000000000001,7.0,-1.781921515725,0.184555950999996,0.0,4.1747848,mp-1523222,-0.7446129,4.74043,4.74043
1,4,4,0.82,1.3,1.54,1.5,0.72,0.6341666666666667,0.9872544022834392,0.041323971895852,1.42,0.24,4.0,-3.39346604005833,0.182236036249994,0.8886,6.9999997,mp-1521336,-0.9697734,7.041554,7.041554
1,5,4,0.82,1.6,1.3,1.5,0.677142857142857,0.72,0.977145517580006,0.0204220558105546,1.4500000000000002,0.3,4.5,-2.726267619725,0.180691646416663,0.0,0.000896,mp-1522209,-0.8221542,0.12641473,0.12641473
1,5,4,0.82,1.6,1.3,1.5,0.677142857142857,0.72,0.977145517580006,0.0204220558105546,1.4500000000000002,0.3,4.5,-2.77546616139166,0.188885555694442,0.0,4.46e-05,mp-1516503,-0.8185328,0.057258092,0.057258092
1,4,4,0.82,1.33,1.3,1.5,0.7466666666666667,0.72,0.9612232803568594,0.0124999999941404,1.315,0.03,4.0,-2.87165938672499,0.172999919200016,0.802,0.0,mp-1521210,-0.8203513,0.2517025,0.2517025
1,9,6,0.82,1.88,1.7,1.5,0.6255555555555555,0.562,1.028504624522042,0.0318769504967179,1.79,0.1799999999999999,7.5,-2.350055765225,0.180428104250001,0.0,3.0,mp-1516194,-0.80031955,3.0034537,3.0034537
1,8,6,0.82,1.83,1.7,1.5,0.6216666666666666,0.562,1.0295086593823188,0.0299556522316346,1.765,0.1300000000000001,7.0,-2.426766052225,0.1456554655,0.0,4.0000006,mp-1523210,-0.8175047,4.9277725,4.9277725
1,6,4,0.82,1.66,1.3,1.5,0.521,0.72,1.0149020859803728,0.0984904726065378,1.48,0.3599999999999999,5.0,-3.01300426522499,0.174731604541692,0.0,2.0000005,mp-1522697,-0.8586236,2.4063606,2.4063606
1,8,4,0.82,1.83,1.3,1.5,0.6216666666666666,0.72,0.9902340433355912,0.0474849094338102,1.565,0.53,6.0,-2.812907237225,0.116860939520829,0.0,4.0000007,mp-1518711,-0.8253668,4.5857186,4.5857186
1,5,4,0.82,1.6,1.3,1.5,0.677142857142857,0.72,0.977145517580006,0.0204220558105546,1.4500000000000002,0.3,4.5,-3.311095605225,0.104929074925014,0.0,0.0004458,mp-1520833,-0.88983613,0.20189285,0.20189285
1,4,4,0.82,1.3,1.54,1.5,0.72,0.6341666666666667,0.9872544022834392,0.041323971895852,1.42,0.24,4.0,-3.50395311455833,0.095198121749999,2.3179,0.0,mp-1516609,-0.8866409,0.07694794,0.07694794
1,7,6,0.82,1.55,1.7,1.5,0.586,0.562,1.0388093539546297,0.012158054705087,1.625,0.1499999999999999,6.5,-2.6864618590181,0.0,2.4917,9.9995313,mp-1105566,-0.4227605,9.354656,9.354656
1,7,6,0.82,1.55,1.7,1.5,0.586,0.562,1.0388093539546297,0.012158054705087,1.625,0.1499999999999999,6.5,-2.5745978470181,0.111864011999999,1.1266,4.9999998,mp-1520582,-0.8368613,4.654982,4.654982
1,6,5,0.82,1.66,1.6,1.5,0.521,0.677142857142857,1.0257810878629048,0.0781076928183261,1.63,0.0599999999999998,5.5,-2.93873861622499,0.085636896250004,2.0549,3.0000005,mp-1522297,-0.8488037,2.8008099,2.8008099
1,8,5,0.82,1.83,1.6,1.5,0.6216666666666666,0.677142857142857,1.0005879281882726,0.0270694161935879,1.715,0.2299999999999999,6.5,-2.765143900225,0.087382842000003,1.71179999999999,5.0000007,mp-1522180,-0.8190463,4.861478,4.861478
1,5,10,0.82,1.6,1.91,1.5,0.677142857142857,0.5714285714285715,1.0130040686713335,0.0522230063256483,1.755,0.3099999999999998,7.5,-2.52554519322499,0.146452209416653,0.0,1.0000006,mp-1520198,-0.77198774,2.0666559,2.0666559
1,5,6,0.82,1.6,1.7,1.5,0.677142857142857,0.562,1.0153687241324958,0.0570135106175924,1.65,0.0999999999999998,5.5,-2.729330924225,0.195309600749997,0.4343,3.0,mp-1516686,-0.8613874,2.45055,2.45055
1,10,6,0.82,1.91,1.7,1.5,0.5714285714285715,0.562,1.042657634410258,0.0047940727803038,1.805,0.2099999999999999,8.0,-2.409012613225,0.110722086999995,2.8449,2.0000009,mp-1517874,-0.78561753,2.0293696,2.0293696
1,5,4,0.82,1.6,1.54,1.5,0.677142857142857,0.6341666666666667,0.9975457468527104,0.0209063269045539,1.57,0.06,4.5,-3.23912747155833,0.045681297916663,0.0,4.2e-05,mp-1521711,-0.86092913,0.28228924,0.28228924
1,5,6,0.82,1.63,1.7,1.5,0.576875,0.562,1.041215913023255,0.0075529180247898,1.665,0.07,5.5,-2.643391949225,0.106236448125002,0.5106,2.9999995,mp-1521904,-0.8403002,2.4135435,2.4135435
1,6,4,0.82,1.66,1.33,1.5,0.521,0.7466666666666667,1.0082486264335238,0.1109563221612933,1.495,0.3299999999999998,5.0,-2.930011246225,0.18971068545834,0.0,2.0000004,mp-1517088,-0.8361467,2.3226612,2.3226612
1,8,4,0.82,1.83,1.33,1.5,0.6216666666666666,0.7466666666666667,0.9838990794459492,0.0599760095673845,1.58,0.5,6.0,-2.731194154225,0.128716203083328,0.0,4.0000004,mp-1519849,-0.8025715,4.4572644,4.4572644
1,4,5,0.82,1.33,1.6,1.5,0.7466666666666667,0.677142857142857,0.9709763914282408,0.0329199548885835,1.465,0.27,4.5,-3.238007250225,0.107891218662517,0.0,0.000184,mp-1522104,-0.86851895,0.20109506,0.20109506
1,4,4,0.82,1.33,1.54,1.5,0.7466666666666667,0.6341666666666667,0.9809573839732172,0.053817022099031,1.435,0.2099999999999999,4.0,-3.41863078055833,0.107456922000009,2.23469999999999,0.0,mp-1520792,-0.8639919,0.07515143,0.07515143
1,4,5,0.82,1.33,1.63,1.5,0.7466666666666667,0.576875,0.9945866104926996,0.0823523467493263,1.48,0.2999999999999998,4.5,-3.074095344225,0.163445347531244,0.0,0.999999699999999,mp-1520546,-0.8463348,1.0571752,1.0571752
1,7,6,0.82,1.55,1.7,1.5,0.586,0.562,1.0388093539546297,0.012158054705087,1.625,0.1499999999999999,6.5,-1.8991533695181,0.177534173000001,0.0,4.9886104,mp-1522301,-0.7617345,4.5904856,4.5904856
1,4,4,0.82,1.3,1.54,1.5,0.72,0.6341666666666667,0.9872544022834392,0.041323971895852,1.42,0.24,4.0,-3.43645932280833,0.128941203750002,2.2033,0.0,mp-1516600,-0.87882936,0.10281057,0.10281057
1,4,4,0.82,1.33,1.3,1.5,0.7466666666666667,0.72,0.9612232803568594,0.0124999999941404,1.315,0.03,4.0,-3.451703276475,0.157516181124995,2.6382,0.0,mp-1521021,-0.88644046,0.10118449,0.10118449
1,7,6,0.82,1.55,1.7,1.5,0.586,0.562,1.0388093539546297,0.012158054705087,1.625,0.1499999999999999,6.5,-2.6512064642681,0.002017938999999,2.6477,9.9995739,mp-1105240,-0.42053786,9.32552,9.32552
1,8,4,0.82,1.83,1.33,1.5,0.6216666666666666,0.7466666666666667,0.9838990794459492,0.0599760095673845,1.58,0.5,6.0,-2.663656030475,0.158591453229192,0.0,4.0000006,mp-1520724,-0.79450023,4.344311,4.344311
1,4,5,0.82,1.33,1.6,1.5,0.7466666666666667,0.677142857142857,0.9709763914282408,0.0329199548885835,1.465,0.27,4.5,-3.154256782475,0.156023616787511,0.0,7.95e-05,mp-1517399,-0.8594305,0.22332609,0.22332609
1,4,4,0.82,1.33,1.54,1.5,0.7466666666666667,0.6341666666666667,0.9809573839732172,0.053817022099031,1.435,0.2099999999999999,4.0,-3.34876482580833,0.140485095250024,2.1104,2.85e-05,mp-1523257,-0.85594,0.09731131,0.09731131
1,10,6,0.82,1.91,1.7,1.5,0.5714285714285715,0.562,1.042657634410258,0.0047940727803038,1.805,0.2099999999999999,8.0,-1.73030762872499,0.183483020500002,1.3429,2.0000009,mp-1519358,-0.7103469,2.051288,2.051288
1,5,6,0.82,1.63,1.7,1.5,0.576875,0.562,1.041215913023255,0.0075529180247898,1.665,0.07,5.5,-1.985765601725,0.181008061983326,0.0,2.7230868,mp-1520212,-0.7693333,2.0879045,2.0879045
1,7,4,0.82,1.55,1.33,1.5,0.586,0.7466666666666667,0.9923905459296312,0.0777544764908431,1.44,0.2199999999999999,5.5,-2.2560041515181,0.157698813729165,1.1158,3.0004421,mp-1521496,-0.752328,3.0409396,3.0409396
1,4,5,0.82,1.33,1.6,1.5,0.7466666666666667,0.677142857142857,0.9709763914282408,0.0329199548885835,1.465,0.27,4.5,-2.652124309725,0.191646059499999,0.0,4.4e-05,mp-1518641,-0.8010787,0.124615446,0.124615446
3,9,9,1.1,1.88,2.2,1.1896666666666669,0.6255555555555555,0.625,0.9041578792133224,0.0002743107939943,2.04,0.3200000000000003,9.0,-2.5306732215,0.049378241692314,0.616,7.8834963,mp-18862,-0.40382272,4.487089,4.487089
3,9,10,1.1,1.88,1.91,1.1896666666666669,0.6255555555555555,0.5714285714285715,0.9162762734044398,0.0270839124601382,1.895,0.03,9.5,-2.572758715,0.0,0.997199999999999,2.99835519999999,mp-1223259,-0.7754103,3.5070379,3.5070379
3,9,10,1.1,1.88,1.91,1.1896666666666669,0.6255555555555555,0.5714285714285715,0.9162762734044398,0.0270839124601382,1.895,0.03,9.5,-2.53207557849999,0.0406831365,0.039,6.0130982,mp-1275360,-0.38754505,8.408387,8.408387
3,9,8,1.1,1.88,2.2,1.1896666666666669,0.6255555555555555,0.521,0.9279843319468006,0.0529857259226402,2.04,0.3200000000000003,8.5,-2.647642955,0.0,0.0,2.0001214,mp-1211319,-0.40943608,6.375407,6.375407
3,6,8,1.1,1.66,1.83,1.1896666666666669,0.521,0.6216666666666666,0.9288996586181592,0.0510652688276638,1.745,0.1700000000000001,7.0,-3.01985942249999,0.004915151750001,0.3097,15.9996153,mp-1223369,-0.43713608,15.464451,15.464451
3,6,6,1.1,1.66,2.16,1.1896666666666669,0.521,0.58,0.9388212562670676,0.0302486541757249,1.91,0.5000000000000002,6.0,-3.006532805,0.031685538249998,0.0,0.000219099999999,mp-1223257,-0.8959144,5.386849,5.386849
3,9,8,1.1,1.88,1.83,1.1896666666666669,0.6255555555555555,0.6216666666666666,0.9049025528266904,0.0019217570340538,1.855,0.0499999999999998,8.5,-2.69981866,0.026607310999999,0.0,13.9983729,mp-1223373,-0.40981093,14.75259,14.75259
3,8,10,1.1,1.83,1.91,1.1896666666666669,0.6216666666666666,0.5714285714285715,0.9171686379500028,0.02516248284471,1.87,0.0799999999999998,9.0,-2.662331269,0.000323995249999,0.0,12.0033732,mp-1223335,-0.40063065,12.687558,12.687558
3,4,10,1.1,1.3,1.91,1.1896666666666669,0.72,0.5714285714285715,0.8951254205767242,0.0726256982885209,1.605,0.6099999999999999,7.0,-3.24780299799999,0.187993649374995,2.04339999999999,1.9991191,mp-1078675,-0.87622297,1.951407,1.951407
3,9,7,1.1,1.88,1.55,1.1896666666666669,0.6255555555555555,0.586,0.9129480247786892,0.0197208065489981,1.715,0.3299999999999998,8.0,-3.2242439782931,0.0,0.0,0.080058499999999,mp-19208,-0.41910347,12.443126,12.443126
3,6,7,1.1,1.66,1.55,1.1896666666666669,0.521,0.586,0.937379503634469,0.0332736114495655,1.605,0.1099999999999998,6.5,-3.0808412422931,0.085102830261913,0.762399999999999,0.0004551,mp-1223342,-0.4451457,14.115006,14.115006
3,6,7,1.1,1.66,1.55,1.1896666666666669,0.521,0.586,0.937379503634469,0.0332736114495655,1.605,0.1099999999999998,6.5,-3.0835154882931,0.082428584261911,0.9733,14.0021624,mp-1666963,-0.44530326,14.087098,14.087098
3,10,7,1.1,1.91,1.55,1.1896666666666669,0.5714285714285715,0.586,0.9254346994808076,0.0073640892317124,1.73,0.3599999999999999,8.5,-2.7739587797931,0.097283240666651,1.27969999999999,4.9934596,mp-1079517,-0.8174871,4.740171,4.740171
3,10,7,1.1,1.91,1.55,1.1896666666666669,0.5714285714285715,0.586,0.9254346994808076,0.0073640892317124,1.73,0.3599999999999999,8.5,-2.8285053492931,0.04273667116665,0.0,9.9998687,mp-1188812,-0.411211,10.221543,10.221543
3,10,7,1.1,1.91,1.55,1.1896666666666669,0.5714285714285715,0.586,0.9254346994808076,0.0073640892317124,1.73,0.3599999999999999,8.5,-2.8235890007931,0.047653019666652,1.58049999999999,5.0000052,mp-1223253,-0.8219506,5.0546613,5.0546613
3,9,7,1.1,2.28,1.55,1.1896666666666669,0.605,0.586,0.9176501430037012,0.0095214231974335,1.915,0.7299999999999998,8.0,-2.7626428297931,0.113879322616666,0.377699999999999,0.0027654,mp-1223338,-0.20919085,17.097292,17.097292
3,7,8,1.1,1.55,2.2,1.1896666666666669,0.586,0.521,0.937379503634469,0.0332736114495655,1.875,0.6500000000000001,7.5,-2.7770962212931,0.125961894916656,0.0,9.9909971,mp-1223380,-0.42925128,12.869619,12.869619
3,7,5,1.1,1.55,1.63,1.1896666666666669,0.586,0.576875,0.9241628163185974,0.0046052424037571,1.59,0.0799999999999998,6.0,-3.1588377562931,0.048445869511915,0.0,11.9999606,mp-560369,-0.44657093,11.83523,11.83523
3,6,5,1.1,1.66,1.6,1.1896666666666669,0.521,0.677142857142857,0.9160107208743572,0.0781076928183261,1.63,0.0599999999999998,5.5,-3.13233857599999,0.189042763333343,0.0,2.9978981,mp-1223155,-0.9135087,3.706409,3.706409
3,5,10,1.1,1.6,1.91,1.1896666666666669,0.677142857142857,0.5714285714285715,0.9046009895985738,0.0522230063256483,1.755,0.3099999999999998,7.5,-3.065186532,0.172080328124994,0.207600000000001,5.9999881,mp-1211522,-0.4319616,4.019417,4.019417
3,10,9,1.1,1.91,2.2,1.1896666666666669,0.5714285714285715,0.625,0.9164036477249952,0.0268096514611139,2.055,0.2900000000000002,9.5,-2.56405686849999,0.005245425442313,0.0,3.9457098,mp-20964,-0.19877885,9.1629505,9.1629505
3,10,9,1.1,1.91,2.28,1.1896666666666669,0.5714285714285715,0.605,0.9210128271981718,0.0168852164456117,2.095,0.3699999999999999,9.5,-2.5721824465,0.0,0.0,4.0075536,mp-1223214,-0.1954253,8.275036,8.275036
3,10,8,1.1,1.91,2.2,1.1896666666666669,0.5714285714285715,0.521,0.9408886132368462,0.0259111094666292,2.055,0.2900000000000002,9.0,-2.633363193,0.0,0.0,8.001357,mp-19176,-0.40321892,7.1762686,7.1762686
3,10,7,1.1,1.91,2.1,1.1896666666666669,0.5714285714285715,0.54375,0.935421374501016,0.0141391105971103,2.005,0.1900000000000001,8.5,-2.65439598349999,0.092194945999999,0.0,5.0011018,mp-1087477,-0.81897986,2.6028194,2.6028194
3,9,4,1.1,1.88,1.54,1.1896666666666669,0.6255555555555555,0.6341666666666667,0.9021163321723616,0.0042422168983548,1.71,0.3399999999999998,6.5,-3.14011676933333,0.197792988499998,0.0,2.9973855,mp-1078893,-0.8655089,2.633942,2.633942
3,9,4,1.1,1.88,1.54,1.1896666666666669,0.6255555555555555,0.6341666666666667,0.9021163321723616,0.0042422168983548,1.71,0.3399999999999998,6.5,-3.32411093058333,0.013798827249997,0.5484,0.000412,mp-1211314,-0.21856117,11.051231,11.051231
3,6,4,1.1,1.66,1.54,1.1896666666666669,0.521,0.6341666666666667,0.9259639427034716,0.0572247271212045,1.6,0.1199999999999998,5.0,-3.39341390333333,0.087445193166676,0.0,2.0004393,mp-1225793,-0.9126595,3.128068,3.128068
3,6,4,1.1,1.66,1.54,1.1896666666666669,0.521,0.6341666666666667,0.9259639427034716,0.0572247271212045,1.6,0.1199999999999998,5.0,-3.39983510483333,0.081023991666674,0.0,3.9403679,mp-1276293,-0.22811973,13.623288,13.623288
3,6,4,1.1,1.66,1.54,1.1896666666666669,0.521,0.6341666666666667,0.9259639427034716,0.0572247271212045,1.6,0.1199999999999998,5.0,-3.39994005683333,0.080919039666675,0.0,4.0166242,mp-1276363,-0.22813228,13.587778,13.587778
3,6,4,1.1,1.66,1.54,1.1896666666666669,0.521,0.6341666666666667,0.9259639427034716,0.0572247271212045,1.6,0.1199999999999998,5.0,-3.40100869283333,0.079850403666673,0.0,1.99918519999999,mp-1277771,-0.4563137,6.7831225,6.7831225
3,6,4,1.1,1.66,1.54,1.1896666666666669,0.521,0.6341666666666667,0.9259639427034716,0.0572247271212045,1.6,0.1199999999999998,5.0,-3.39982075883333,0.081038337666674,0.0,1.9953911,mp-1279644,-0.45633587,6.787042,6.787042
3,4,7,1.1,1.54,1.55,1.1896666666666669,0.6341666666666667,0.586,0.910992509614988,0.0239625222715663,1.545,0.01,5.5,-3.46575808087643,0.024299401000009,2.21319999999999,0.0,mp-1223138,-0.22765812,18.929861,18.929861
3,10,4,1.1,1.91,1.54,1.1896666666666669,0.5714285714285715,0.6341666666666667,0.9143064895578508,0.0313252295739214,1.725,0.3699999999999999,7.0,-3.22316693233333,0.103993656250001,0.0,2.0000001,mp-1079373,-0.85198593,1.9542783,1.9542783
3,10,4,1.1,1.91,1.54,1.1896666666666669,0.5714285714285715,0.6341666666666667,0.9143064895578508,0.0313252295739214,1.725,0.3699999999999999,7.0,-3.31612818233333,0.011032406249999,2.8034,8e-07,mp-1211325,-0.21489039,7.8152165,7.8152165
3,8,5,1.1,1.83,1.63,1.1896666666666669,0.6216666666666666,0.576875,0.9159193591155655,0.022404001447659,1.73,0.2000000000000001,6.5,-3.063804908,0.0023092195,0.0,5.9998146,mp-1223233,-0.43711776,13.341526,13.341526
3,8,5,1.1,1.83,1.63,1.1896666666666669,0.6216666666666666,0.576875,0.9159193591155655,0.022404001447659,1.73,0.2000000000000001,6.5,-3.0448018315,0.021312296000001,0.1083,6.0006724,mp-1651775,-0.4371128,11.905727,11.905727
3,6,9,1.1,1.66,1.88,1.1896666666666669,0.521,0.6255555555555555,0.9279843319468006,0.0529857259226402,1.77,0.2199999999999999,7.5,-2.03996887444444,0.172566893333333,0.938699999999999,8.0003077,mp-1040836,-0.430765,9.405285,9.405285
3,7,6,1.1,1.9,1.66,1.1896666666666669,0.534,0.521,0.9500237926542124,0.0067444876748407,1.7799999999999998,0.24,6.5,-2.61421939972222,0.11034423805553,0.0,2.0001823,mp-1040835,-0.99506813,2.8306286,2.8306286
3,6,6,1.1,1.66,1.7,1.1896666666666669,0.521,0.562,0.9431732476671842,0.0211176924949175,1.68,0.04,6.0,-2.72135819999999,0.082807812222123,0.7814,8.7e-06,mp-1040819,-0.50494015,5.93308,5.93308
3,8,6,1.1,1.83,2.16,1.1896666666666669,0.6216666666666666,0.58,0.9152040951431648,0.0208246563827614,1.995,0.33,7.0,-2.40167156,0.120356490601849,1.4188,10.0038912,mp-1043944,-0.4672199,9.874828,9.874828
3,7,8,1.1,1.9,1.83,1.1896666666666669,0.534,0.6216666666666666,0.9258468999872368,0.0443245976012515,1.865,0.0699999999999998,7.5,-2.42707637916666,0.106544180555571,0.0,7.9994968,mp-1043955,-0.48020118,8.961178,8.961178
3,8,6,1.1,1.83,1.7,1.1896666666666669,0.6216666666666666,0.562,0.9193393993955442,0.0299556522316346,1.765,0.1300000000000001,7.0,-2.53264507833333,0.079952433124997,1.7784,1e-06,mp-1043919,-0.4873036,9.781183,9.781183
3,6,6,1.1,1.66,2.16,1.1896666666666669,0.521,0.58,0.9388212562670676,0.0302486541757249,1.91,0.5000000000000002,6.0,-2.7262710545,0.089203731874995,1.3459,4.0146874,mp-1049205,-0.41927347,10.071397,10.071397
3,6,6,1.1,1.66,2.16,1.1896666666666669,0.521,0.58,0.9388212562670676,0.0302486541757249,1.91,0.5000000000000002,6.0,-2.693245065,0.122229721374997,1.343,5.0069312,mp-2240259,-0.83736455,5.0183406,5.0183406
3,6,6,1.1,1.66,1.7,1.1896666666666669,0.521,0.562,0.9431732476671842,0.0211176924949175,1.68,0.04,6.0,-2.7056849155,0.159615520000006,0.0,10.0015665,mp-1044938,-0.42975053,9.8409815,9.8409815
3,6,6,1.1,1.66,1.7,1.1896666666666669,0.521,0.562,0.9431732476671842,0.0211176924949175,1.68,0.04,6.0,-2.69270640899999,0.172594026500005,2.16209999999999,5.0434925,mp-2222872,-0.85829383,4.8814425,4.8814425
3,8,10,1.1,1.83,1.91,1.1896666666666669,0.6216666666666666,0.5714285714285715,0.9171686379500028,0.02516248284471,1.87,0.0799999999999998,9.0,-2.190779936,0.106999321499999,0.0,10.0066487,mp-1043870,-0.36110643,11.688673,11.688673
3,8,10,1.1,1.83,1.91,1.1896666666666669,0.6216666666666666,0.5714285714285715,0.9171686379500028,0.02516248284471,1.87,0.0799999999999998,9.0,-2.187749787,0.110029470499998,0.0,9.9962345,mp-1646328,-0.36103976,11.333934,11.333934
3,8,6,1.1,1.83,1.7,1.1896666666666669,0.6216666666666666,0.562,0.9193393993955442,0.0299556522316346,1.765,0.1300000000000001,7.0,-2.62237105749999,0.087860406499991,2.52659999999999,2.04e-05,mp-1043975,-0.41777182,9.707123,9.707123
3,8,7,1.1,1.83,1.55,1.1896666666666669,0.6216666666666666,0.586,0.9138339151791988,0.0177992181563008,1.69,0.28,7.5,-2.5313620427931,0.17471173961667,1.41239999999999,3.7e-06,mp-1043996,-0.39499283,16.107038,16.107038
3,8,5,1.1,1.83,1.5,1.1896666666666669,0.6216666666666666,0.6940000000000001,0.8898538237872557,0.0351502389073539,1.665,0.33,6.5,-3.04929532073333,0.088683347749995,3.12109999999999,1.52e-05,mp-1043991,-0.43387842,7.8165545,7.8165545
3,8,4,1.1,1.83,1.54,1.1896666666666669,0.6216666666666666,0.6341666666666667,0.9029813159848408,0.0061639613694692,1.685,0.29,6.0,-3.02823223858333,0.114559864875008,2.5232,2.1e-06,mp-1043786,-0.20685741,19.341864,19.341864
3,6,5,1.1,1.66,1.63,1.1896666666666669,0.521,0.576875,0.9395739269978556,0.0286694673232623,1.645,0.03,5.5,-2.89061283449999,0.120531496749991,1.3575,4.0018111,mp-1044888,-0.4190208,8.475826,8.475826
3,8,5,1.1,1.83,1.63,1.1896666666666669,0.6216666666666666,0.576875,0.9159193591155655,0.022404001447659,1.73,0.2000000000000001,6.5,-2.7013500875,0.14742966274999,1.55319999999999,8.0097336,mp-1043844,-0.4048001,11.976357,11.976357
3,6,5,1.1,1.66,1.5,1.1896666666666669,0.521,0.6940000000000001,0.9121648121383634,0.0861768368188409,1.58,0.1599999999999999,5.5,-3.02457025692592,0.133219060277772,0.1808,1.9998866,mp-1040853,-1.0326533,2.377148,2.377148
3,8,5,1.1,1.83,1.5,1.1896666666666669,0.6216666666666666,0.6940000000000001,0.8898538237872557,0.0351502389073539,1.665,0.33,6.5,-2.78624278025925,0.163171625555545,0.0,8.0003805,mp-1044002,-0.4961275,9.983956,9.983956
3,4,5,1.1,1.54,1.5,1.1896666666666669,0.6341666666666667,0.6940000000000001,0.8871593655224413,0.0289878476988228,1.52,0.04,4.5,-3.64400492785185,0.009943010277797,3.3911,0.0002459,mp-1222764,-0.537411,0.15228152,0.15228152
3,4,5,1.1,1.54,1.5,1.1896666666666669,0.6341666666666667,0.6940000000000001,0.8871593655224413,0.0289878476988228,1.52,0.04,4.5,-3.65394793812965,0.0,2.91879999999999,0.0,mp-1222878,-0.26895735,0.48649052,0.48649052
3,6,4,1.1,1.66,1.54,1.1896666666666669,0.521,0.6341666666666667,0.9259639427034716,0.0572247271212045,1.6,0.1199999999999998,5.0,-2.85131926759259,0.171316580000002,0.1022,1.99880479999999,mp-1346591,-0.48090807,4.480784,4.480784
3,5,4,1.1,1.6,1.54,1.1896666666666669,0.677142857142857,0.6341666666666667,0.890796885896403,0.0209063269045539,1.57,0.06,4.5,-3.51885273148148,0.022627625277781,0.000399999999999,1.09e-05,mp-1222787,-0.5194513,0.13212137,0.13212137
3,5,4,1.1,1.6,1.54,1.1896666666666669,0.677142857142857,0.6341666666666667,0.890796885896403,0.0209063269045539,1.57,0.06,4.5,-3.52881241453703,0.012667942222226,2.7987,0.0021154,mp-1222933,-0.26008177,0.3198979,0.3198979
1,8,6,0.93,1.83,1.7,1.1342857142857143,0.6216666666666666,0.562,0.89967899593312,0.0299556522316346,1.765,0.1300000000000001,7.0,-2.56948731613793,0.0,2.2965,8.0002479,mp-1105823,-0.4136936,8.122168,8.122168
1,5,4,0.93,1.6,1.3,1.1342857142857143,0.677142857142857,0.72,0.8539192848211481,0.0204220558105546,1.4500000000000002,0.3,4.5,-3.28701834663793,0.151982040000001,0.0,0.0029676,mp-1517281,-0.8899969,0.15847301,0.15847301
1,4,4,0.93,1.3,1.54,1.1342857142857143,0.72,0.6341666666666667,0.8627533545077936,0.041323971895852,1.42,0.24,4.0,-3.49507909797126,0.092964898599978,2.35929999999999,0.0,mp-1516496,-0.88829976,0.07018866,0.07018866
1,4,4,0.93,1.33,1.3,1.1342857142857143,0.7466666666666667,0.72,0.8400049750507728,0.0124999999941404,1.315,0.03,4.0,-3.49998471163793,0.15511664025,2.4644,0.0,mp-1518151,-0.8949979,0.13040939,0.13040939
1,7,6,0.93,1.55,1.7,1.1342857142857143,0.586,0.562,0.9078067950322724,0.012158054705087,1.625,0.1499999999999999,6.5,-2.55153203343103,0.1311393405,1.01879999999999,5.0000006,mp-1517122,-0.8374432,4.605349,4.605349
1,7,6,0.93,1.55,1.7,1.1342857142857143,0.586,0.562,0.9078067950322724,0.012158054705087,1.625,0.1499999999999999,6.5,-2.68267137393103,0.0,2.0322,9.9995231,mp-22748,-0.42378435,9.4093075,9.4093075
1,10,6,0.93,1.91,1.7,1.1342857142857143,0.5714285714285715,0.562,0.9111697750954668,0.0047940727803038,1.805,0.2099999999999999,8.0,-2.49192507713793,0.013306377500001,3.3392,12.0010282,mp-1173651,-0.13217965,11.896723,11.896723
1,5,6,0.93,1.63,1.7,1.1342857142857143,0.576875,0.562,0.909909866848894,0.0075529180247898,1.665,0.07,5.5,-2.62942777563793,0.108316568791662,0.4148,3.0000003,mp-1522096,-0.84234303,2.2461023,2.2461023
1,8,4,0.93,1.83,1.33,1.1342857142857143,0.6216666666666666,0.7466666666666667,0.8598211659788739,0.0599760095673845,1.58,0.5,6.0,-2.72139175963793,0.14789183725,0.0,4.0000008,mp-1520308,-0.80421,4.274909,4.274909
1,4,5,0.93,1.33,1.6,1.1342857142857143,0.7466666666666667,0.677142857142857,0.8485281371397534,0.0329199548885835,1.465,0.27,4.5,-3.20976054063793,0.156176312249999,0.0,0.000824,mp-1520149,-0.8684896,0.1585612,0.1585612
1,4,4,0.93,1.33,1.54,1.1342857142857143,0.7466666666666667,0.6341666666666667,0.8572504429401415,0.053817022099031,1.435,0.2099999999999999,4.0,-3.40461189797126,0.113828297234377,2.2686,0.0,mp-1521929,-0.86508447,0.07273272,0.07273272
1,4,5,0.93,1.33,1.63,1.1342857142857143,0.7466666666666667,0.576875,0.8691609098591375,0.0823523467493263,1.48,0.2999999999999998,4.5,-3.06435947763793,0.168517876750003,0.0,0.999999899999999,mp-1521458,-0.847664,0.9338537,0.9338537
1,7,6,0.93,1.55,1.7,1.1342857142857143,0.586,0.562,0.9078067950322724,0.012158054705087,1.625,0.1499999999999999,6.5,-1.87707815393103,0.185106142999999,0.0,4.9772613,mp-1520467,-0.76194525,4.488308,4.488308
1,5,6,0.93,1.6,1.7,1.1342857142857143,0.677142857142857,0.562,0.8873222249315506,0.0570135106175924,1.65,0.0999999999999998,5.5,-2.20325161280459,0.175926584874998,0.0,0.9377839,mp-1521298,-0.79248697,0.98782873,0.98782873
1,9,6,0.93,1.88,1.7,1.1342857142857143,0.6255555555555555,0.562,0.8988015782768979,0.0318769504967179,1.79,0.1799999999999999,7.5,-2.48992279138793,0.0,2.4461,6.0000994,mp-1210062,-0.4027114,5.6944137,5.6944137
1,8,6,0.93,1.83,1.7,1.1342857142857143,0.6216666666666666,0.562,0.89967899593312,0.0299556522316346,1.765,0.1300000000000001,7.0,-2.54806608438793,0.0,2.4171,7.9999448,mp-1189143,-0.41201434,7.90149,7.90149
1,5,4,0.93,1.6,1.3,1.1342857142857143,0.677142857142857,0.72,0.8539192848211481,0.0204220558105546,1.4500000000000002,0.3,4.5,-3.20703407288793,0.198215603999996,0.0,0.0009262,mp-1522126,-0.8807689,0.17428021,0.17428021
1,4,4,0.93,1.3,1.54,1.1342857142857143,0.72,0.6341666666666667,0.8627533545077936,0.041323971895852,1.42,0.24,4.0,-3.42983831022126,0.125430120468749,2.2438,0.0,mp-1516737,-0.8804253,0.07082426,0.07082426
1,7,6,0.93,1.55,1.7,1.1342857142857143,0.586,0.562,0.9078067950322724,0.012158054705087,1.625,0.1499999999999999,6.5,-2.47873232168103,0.178444130499999,1.043,5.0000007,mp-1517896,-0.82925403,4.5122128,4.5122128
1,7,6,0.93,1.55,1.7,1.1342857142857143,0.586,0.562,0.9078067950322724,0.012158054705087,1.625,0.1499999999999999,6.5,-2.65717645218103,0.0,2.2832,10.0001909,mp-20156,-0.4218668,9.395584,9.395584
1,5,4,0.93,1.6,1.3,1.1342857142857143,0.677142857142857,0.72,0.8539192848211481,0.0204220558105546,1.4500000000000002,0.3,4.5,-3.24540227513793,0.087478138999999,2.40999999999999,0.0,mp-1521141,-0.85488015,0.054884784,0.054884784
1,4,6,0.93,1.3,1.7,1.1342857142857143,0.72,0.562,0.8780061800170396,0.0774130327891166,1.5,0.3999999999999999,5.0,-2.87953496413793,0.128653675166665,0.0,1.0,mp-1516390,-0.8527029,0.6211686,0.6211686
1,5,6,0.93,1.6,1.7,1.1342857142857143,0.677142857142857,0.562,0.8873222249315506,0.0570135106175924,1.65,0.0999999999999998,5.5,-2.61067757513793,0.144257519416669,0.0,2.0,mp-1521548,-0.8252779,1.4952488,1.4952488
1,5,4,0.93,1.5,1.54,1.1342857142857143,0.6940000000000001,0.6341666666666667,0.8681871436497496,0.0289878476988228,1.52,0.04,4.5,-3.29707809370459,0.012461632999999,2.5592,5.31e-05,mp-39712,-0.4282728,0.21237999,0.21237999
1,4,5,0.93,1.33,1.6,1.1342857142857143,0.7466666666666667,0.677142857142857,0.8485281371397534,0.0329199548885835,1.465,0.27,4.5,-3.15940908413793,0.098089833249998,2.284,8.73e-05,mp-1518125,-0.8320533,0.06422536,0.06422536
1,4,6,0.93,1.33,1.7,1.1342857142857143,0.7466666666666667,0.562,0.872307616462181,0.0898912866672603,1.515,0.3699999999999999,5.0,-2.80199522613793,0.144335427416665,0.0,1.0005247,mp-1516212,-0.830371,0.47476962,0.47476962
1,8,4,0.93,1.83,1.3,1.1342857142857143,0.6216666666666666,0.72,0.8653572378706101,0.0474849094338102,1.565,0.53,6.0,-2.59373689263793,0.192649332000002,0.0,10.0000104,mp-1516948,-0.8589996,10.946961,10.946961
1,5,4,0.93,1.6,1.3,1.1342857142857143,0.677142857142857,0.72,0.8539192848211481,0.0204220558105546,1.4500000000000002,0.3,4.5,-3.27823663363793,0.015002965375003,0.0038,6.9999966,mp-1518553,-0.9408248,6.7845507,6.7845507
1,4,4,0.93,1.3,1.54,1.1342857142857143,0.72,0.6341666666666667,0.8627533545077936,0.041323971895852,1.42,0.24,4.0,-3.28482075797126,0.147262332599975,0.0,6.0080204,mp-1517978,-0.9196471,6.9875174,6.9875174
1,4,6,0.93,1.3,1.7,1.1342857142857143,0.72,0.562,0.8780061800170396,0.0774130327891166,1.5,0.3999999999999999,5.0,-2.90994488063793,0.085468073201093,0.0,8.000003,mp-1522189,-0.9361351,7.5069594,7.5069594
1,5,6,0.93,1.6,1.7,1.1342857142857143,0.677142857142857,0.562,0.8873222249315506,0.0570135106175924,1.65,0.0999999999999998,5.5,-2.64287374563793,0.099080744374996,0.0,5.0353801,mp-1522034,-0.90899485,8.243716,8.243716
1,4,4,0.93,1.33,1.54,1.1342857142857143,0.7466666666666667,0.6341666666666667,0.8572504429401415,0.053817022099031,1.435,0.2099999999999999,4.0,-3.19584752297126,0.174377581849975,0.0,6.000604,mp-1517534,-0.8963577,7.0132575,7.0132575
1,4,6,0.93,1.33,1.7,1.1342857142857143,0.7466666666666667,0.562,0.872307616462181,0.0898912866672603,1.515,0.3699999999999999,5.0,-2.83494627163793,0.098608696451094,0.0,8.0000001,mp-1516967,-0.9143492,7.360329,7.360329
6,9,10,1.14,1.88,1.91,1.1941666666666668,0.6255555555555555,0.5714285714285715,0.9178684641228028,0.0270839124601382,1.895,0.03,9.5,-2.52033343299999,0.0,0.0,5.9937012,mp-1220568,-0.38363922,7.8562565,7.8562565
6,9,8,1.14,1.88,2.2,1.1941666666666668,0.6255555555555555,0.521,0.929596867470199,0.0529857259226402,2.04,0.3200000000000003,8.5,-2.4887151305,0.093750720833332,0.0,2.74530359999999,mp-1210035,-0.40633306,8.69248,8.69248
6,8,10,1.14,1.83,1.91,1.1941666666666668,0.6216666666666666,0.5714285714285715,0.9187623793082634,0.02516248284471,1.87,0.0799999999999998,9.0,-2.61360871349999,0.0,0.0,12.0000017,mp-1220540,-0.3968036,12.55187,12.55187
6,9,7,1.14,1.88,1.55,1.1941666666666668,0.6255555555555555,0.586,0.9145344320813682,0.0197208065489981,1.715,0.3299999999999998,8.0,-2.7947132312931,0.0,0.0,12.0001854,mp-19336,-0.41504604,12.240923,12.240923
6,6,7,1.14,1.66,1.55,1.1941666666666668,0.521,0.586,0.939008364916367,0.0332736114495655,1.605,0.1099999999999998,6.5,-3.0321819742931,0.020478805750002,0.7902,14.0024192,mp-1220516,-0.44124565,14.169706,14.169706
6,8,7,1.14,1.83,1.55,1.1941666666666668,0.6216666666666666,0.586,0.915421861871813,0.0177992181563008,1.69,0.28,7.5,-2.8588922647931,0.011050126500014,0.650299999999999,18.0000001,mp-1220545,-0.4265732,17.574116,17.574116
6,7,10,1.14,1.55,1.91,1.1941666666666668,0.586,0.5714285714285715,0.9270428045706508,0.0073640892317124,1.73,0.3599999999999999,8.5,-2.7804042532931,0.0,1.45719999999999,10.0004377,mp-18899,-0.40728718,10.210009,10.210009
6,7,9,1.14,1.55,2.28,1.1941666666666668,0.586,0.605,0.9192447210614372,0.0095214231974335,1.915,0.7299999999999998,8.0,-2.7123887092931,0.016931908749997,0.4194,8.000931,mp-1220508,-0.4139328,8.420749,8.420749
6,10,8,1.14,1.91,2.2,1.1941666666666668,0.5714285714285715,0.521,0.9425235722120938,0.0259111094666292,2.055,0.2900000000000002,9.0,-2.57957283449999,0.0,0.0,7.993881,mp-1209990,-0.3989045,6.9413466,6.9413466
6,8,5,1.14,1.83,1.63,1.1941666666666668,0.6216666666666666,0.576875,0.9175109296327572,0.022404001447659,1.73,0.2000000000000001,6.5,-3.0063176375,0.0,0.7975,13.9999947,mp-1220528,-0.43315715,13.320393,13.320393
6,6,4,1.14,1.66,1.3,1.1941666666666668,0.521,0.72,0.907870745303707,0.0984904726065378,1.48,0.3599999999999999,5.0,-3.31863520425,0.12653587758333,0.0215,10.0000783,mp-1518805,-0.9758356,9.39979,9.39979
6,4,4,1.14,1.3,1.54,1.1941666666666668,0.72,0.6341666666666667,0.8831387799736626,0.041323971895852,1.42,0.24,4.0,-3.54531271558333,0.145041442583353,0.0,6.6793737,mp-1521819,-0.9809591,7.0374546,7.0374546
6,8,7,1.14,1.83,1.55,1.1941666666666668,0.6216666666666666,0.586,0.915421861871813,0.0177992181563008,1.69,0.28,7.5,-2.5872780500431,0.182527333499997,0.0,14.9997362,mp-1520563,-0.880729,15.111776,15.111776
6,4,4,1.14,1.33,1.54,1.1941666666666668,0.7466666666666667,0.6341666666666667,0.8775058437668464,0.053817022099031,1.435,0.2099999999999999,4.0,-3.46274270758333,0.161819238999994,0.0,6.844615,mp-1516183,-0.9595701,7.048514,7.048514
6,8,7,1.14,1.83,1.55,1.1941666666666668,0.6216666666666666,0.586,0.915421861871813,0.0177992181563008,1.69,0.28,7.5,-2.1239881790431,0.194955868999996,0.057,18.0011491,mp-1221020,-0.38803476,17.602818,17.602818
6,8,7,1.14,1.83,1.55,1.1941666666666668,0.6216666666666666,0.586,0.915421861871813,0.0177992181563008,1.69,0.28,7.5,-2.2582360740431,0.060707973999997,0.8844,14.0039473,mp-1237102,-0.3923952,14.9057865,14.9057865
6,5,4,1.14,1.5,1.54,1.1941666666666668,0.6940000000000001,0.6341666666666667,0.8887009605069378,0.0289878476988228,1.52,0.04,4.5,-3.62643061562963,0.0,3.0457,0.001756199999999,mp-1220116,-0.26777157,0.4086273,0.4086273
1,7,6,0.82,1.55,1.7,1.6525,0.586,0.562,1.093436397567761,0.012158054705087,1.625,0.1499999999999999,6.5,-2.6569097015431,0.023629530776307,1.6904,0.0,mp-1105199,-0.42082494,9.372428,9.372428
1,7,6,0.82,1.55,1.7,1.6525,0.586,0.562,1.093436397567761,0.012158054705087,1.625,0.1499999999999999,6.5,-2.6242573972931,0.026298901999998,2.6501,10.0007858,mp-1105157,-0.41850558,9.224366,9.224366
4,5,4,1.54,1.6,1.54,0.6341666666666667,0.677142857142857,0.6341666666666667,0.6997152781803063,0.0209063269045539,1.57,0.06,4.5,-2.84598423814814,0.004120943888883,2.3865,2.2e-06,mp-1216838,-0.47560105,0.24779716,0.24779716
3,9,7,1.22,1.88,1.55,0.9885,0.6255555555555555,0.586,0.8420297427663401,0.0197208065489981,1.715,0.3299999999999998,8.0,-2.8346194587931,0.0,0.0,11.9955027,mp-1189894,-0.43429714,11.450762,11.450762
3,7,10,1.22,1.55,1.91,0.9885,0.586,0.5714285714285715,0.8535464460200447,0.0073640892317124,1.73,0.3599999999999999,8.5,-2.8229455417931,0.0,0.0,9.999928,mp-19192,-0.4272409,10.197814,10.197814
3,6,3,1.22,1.66,1.22,0.9885,0.521,0.9885,0.7838146171527219,0.2169625245541419,1.44,0.4399999999999999,4.5,-2.66069565349999,0.118104556249987,1.68739999999999,35.9993487,mp-1045038,-0.22892597,36.139206,36.139206
3,6,3,1.22,1.66,1.22,0.9885,0.521,0.9885,0.7838146171527219,0.2169625245541419,1.44,0.4399999999999999,4.5,-2.53086693018518,0.0,2.6946,5.9994493,mp-1105234,-0.44080943,5.880871,5.880871
16,9,7,,1.88,1.55,1.008571428571429,0.6255555555555555,0.586,0.849105622957654,0.0197208065489981,1.715,0.3299999999999998,8.0,-2.91072361119827,0.0,0.0,7.9999996,mp-1215956,-0.36349362,11.980609,11.980609
16,5,4,,1.5,1.54,1.008571428571429,0.6940000000000001,0.6341666666666667,0.8251203631304834,0.0289878476988228,1.52,0.04,4.5,-3.51277001266666,0.0,0.0,0.0,mp-1215802,-0.24784902,1.8623898,1.8623898
