Val_A,Val_B,Val_Bprime,EN_A,EN_B,EN_Bprime,Shannon_A,Shannon_B,Shannon_Bprime,Tolerance_Factor,Octahedral_Mismatch,EN_avg,EN_diff,Val_avg,Formation Energy (eV/atom),Energy Above Hull (eV),Band Gap (eV),Total Magnetization (Î¼B)
2,9,6,0.89,1.88,2.16,1.4742857142857142,0.6255555555555555,0.58,1.0148040094476147,0.022746185841624657,2.02,0.28000000000000025,7.5,-2.463285518,0.0,0.0,0.0109821
2,9,6,0.89,1.88,2.16,1.4742857142857142,0.6255555555555555,0.58,1.0148040094476147,0.022746185841624657,2.02,0.28000000000000025,7.5,-2.454069767,0.009215750999985,1.274,2.1e-06
2,7,9,0.89,1.9,1.88,1.4742857142857142,0.534,0.6255555555555555,1.0265934599965334,0.04624536982735392,1.89,0.020000000000000018,8.0,-2.4478527995,0.04870363225,0.198199999999999,1.92e-05
2,9,8,0.89,1.88,2.2,1.4742857142857142,0.6255555555555555,0.521,1.0299750708182498,0.05298572592264028,2.04,0.3200000000000003,8.5,-2.09980503266666,0.019201509583339,0.0,15.6349386
2,9,6,0.89,1.88,1.7,1.4742857142857142,0.6255555555555555,0.562,1.0193848790829303,0.031876950496717994,1.79,0.17999999999999994,7.5,-2.565399248,0.010751375500013,1.84269999999999,3.0001636
2,9,6,0.89,1.88,1.7,1.4742857142857142,0.6255555555555555,0.562,1.0193848790829303,0.031876950496717994,1.79,0.17999999999999994,7.5,-2.5761506235,0.0,0.0,6.000052
2,6,6,0.89,1.66,2.16,1.4742857142857142,0.521,0.58,1.0420030345563909,0.03024865417572495,1.9100000000000001,0.5000000000000002,6.0,-2.66020709599999,0.0,0.0,3e-07
2,8,6,0.89,1.83,2.16,1.4742857142857142,0.6216666666666666,0.58,1.0157902135380803,0.020824656382761444,1.995,0.33000000000000007,7.0,-2.500273185,0.000837423000007,0.864099999999999,3.2e-06
2,8,6,0.89,1.83,2.16,1.4742857142857142,0.6216666666666666,0.58,1.0157902135380803,0.020824656382761444,1.995,0.33000000000000007,7.0,-2.50098259249999,0.000128015500007,0.7715,2.00003
2,8,6,0.89,1.83,2.16,1.4742857142857142,0.6216666666666666,0.58,1.0157902135380803,0.020824656382761444,1.995,0.33000000000000007,7.0,-2.501110608,0.0,0.9037,2.00003
2,8,6,0.89,1.83,2.16,1.4742857142857142,0.6216666666666666,0.58,1.0157902135380803,0.020824656382761444,1.995,0.33000000000000007,7.0,-2.497820122,0.003290486000007,0.0,3.99999989999999
2,7,8,0.89,1.9,1.83,1.4742857142857142,0.534,0.6216666666666666,1.0276027229691191,0.044324597601251514,1.865,0.06999999999999984,7.5,-2.48591545325,0.003049289499999,0.0,3.000002
2,8,6,0.89,1.83,1.7,1.4742857142857142,0.6216666666666666,0.562,1.020380011171047,0.029955652231634617,1.7650000000000001,0.13000000000000012,7.0,-2.639823302,0.000347599500006,2.50619999999999,9.33e-05
2,8,6,0.89,1.83,1.7,1.4742857142857142,0.6216666666666666,0.562,1.020380011171047,0.029955652231634617,1.7650000000000001,0.13000000000000012,7.0,-2.6401709015,0.0,0.0,7.82e-05
2,8,6,0.89,1.83,2.16,1.4742857142857142,0.6216666666666666,0.58,1.0157902135380803,0.020824656382761444,1.995,0.33000000000000007,7.0,-2.38106267772727,0.194080436363643,1.5819,2.0000001
2,7,6,0.89,1.55,2.16,1.4742857142857142,0.586,0.58,1.0249253247172547,0.003025718606643502,1.855,0.6100000000000001,6.5,-2.6296567122931,0.0,1.26539999999999,0.0
2,5,7,0.89,1.6,1.55,1.4742857142857142,0.677142857142857,0.586,1.0004210978497645,0.04486323041178241,1.5750000000000002,0.050000000000000044,6.0,-2.9407101537931,0.027375552666663,0.0,4.0000187
2,5,7,0.89,1.6,1.55,1.4742857142857142,0.677142857142857,0.586,1.0004210978497645,0.04486323041178241,1.5750000000000002,0.050000000000000044,6.0,-2.9635321102931,0.004553596166662,1.16279999999999,15.9994692
2,5,7,0.89,1.6,1.55,1.4742857142857142,0.677142857142857,0.586,1.0004210978497645,0.04486323041178241,1.5750000000000002,0.050000000000000044,6.0,-2.9629106410431,0.005175065416661,1.1475,16.0006208
2,5,7,0.89,1.6,1.55,1.4742857142857142,0.677142857142857,0.586,1.0004210978497645,0.04486323041178241,1.5750000000000002,0.050000000000000044,6.0,-2.9515829482931,0.016502758166661,0.0764,16.0006634
2,5,7,0.89,1.6,1.55,1.4742857142857142,0.677142857142857,0.586,1.0004210978497645,0.04486323041178241,1.5750000000000002,0.050000000000000044,6.0,-2.9617253507931,0.006360355666661,0.185799999999999,0.0
2,7,7,0.89,1.9,1.55,1.4742857142857142,0.534,0.586,1.0369525096458223,0.02653061223136184,1.725,0.34999999999999987,7.0,-2.6378569690431,0.0,0.0,3.99999959999999
2,7,8,0.89,1.55,2.2,1.4742857142857142,0.586,0.521,1.0404028251361004,0.03327361144956557,1.875,0.6500000000000001,7.5,-2.3171343647931,0.02291560858333,0.0,20.9979188
2,7,6,0.89,1.55,1.7,1.4742857142857142,0.586,0.562,1.0295982365304013,0.012158054705087004,1.625,0.1499999999999999,6.5,-2.7469805557931,0.0,2.2267,0.0
2,9,5,0.89,1.88,1.6,1.4742857142857142,0.6255555555555555,0.677142857142857,0.9907756868737044,0.025147986214382058,1.74,0.2799999999999998,7.0,-2.710650131,0.066096190249994,1.53459999999999,0.000261799999999
2,6,5,0.89,1.66,1.6,1.4742857142857142,0.521,0.677142857142857,1.016685492009933,0.0781076928183261,1.63,0.05999999999999983,5.5,-3.05619982500001,0.0,1.58239999999999,12.0
2,8,5,0.89,1.83,1.6,1.4742857142857142,0.6216666666666666,0.677142857142857,0.9917157199580316,0.027069416193587964,1.715,0.22999999999999998,6.5,-2.89555372049999,0.0,1.455,0.0
2,8,5,0.89,1.83,1.6,1.4742857142857142,0.6216666666666666,0.677142857142857,0.9917157199580316,0.027069416193587964,1.715,0.22999999999999998,6.5,-2.87741168466666,0.018142035833317,1.69079999999999,15.0030445
2,8,5,0.89,1.83,1.6,1.4742857142857142,0.6216666666666666,0.677142857142857,0.9917157199580316,0.027069416193587964,1.715,0.22999999999999998,6.5,-2.873255236,0.022298484499984,1.34979999999999,20.0003999
2,5,9,0.89,1.6,2.28,1.4742857142857142,0.677142857142857,0.605,0.9957647196881575,0.0353455817849575,1.94,0.6799999999999997,7.0,-2.733223787,0.0,0.8889,7.22e-05
2,5,5,0.89,1.6,1.63,1.4742857142857142,0.677142857142857,0.576875,1.0026728991087577,0.04946591782605353,1.615,0.029999999999999805,5.0,-3.119411723,0.0,0.0,0.000232099999999
2,5,5,0.89,1.6,1.63,1.4742857142857142,0.677142857142857,0.576875,1.0026728991087577,0.04946591782605353,1.615,0.029999999999999805,5.0,-3.094641198,0.024770524999999,0.0,0.1300782
2,10,6,0.89,1.91,2.16,1.4742857142857142,0.5714285714285715,0.58,1.0287048758048811,0.004338394791730325,2.035,0.2500000000000002,8.0,-2.44925213,0.0,2.3514,0.0
2,10,8,0.89,1.91,2.2,1.4742857142857142,0.5714285714285715,0.521,1.0442976057771003,0.025911109466629296,2.055,0.29000000000000026,9.0,-2.068848193,0.025932189499996,0.004,15.9818678
2,10,6,0.89,1.91,1.7,1.4742857142857142,0.5714285714285715,0.562,1.0334123943021867,0.0047940727803038015,1.805,0.20999999999999996,8.0,-2.56365896249999,0.0,3.3409,0.0
2,8,6,0.89,1.83,1.7,1.4742857142857142,0.6216666666666666,0.562,1.020380011171047,0.029955652231634617,1.7650000000000001,0.13000000000000012,7.0,-2.498643676,0.157696589250001,0.0,3.99999989999999
2,5,4,0.89,1.6,1.3,1.4742857142857142,0.677142857142857,0.72,0.9684811730891487,0.020422055810554635,1.4500000000000002,0.30000000000000004,4.5,-3.38067126699999,0.121074810656251,0.0,0.0353277
2,4,6,0.89,1.3,1.7,1.4742857142857142,0.72,0.562,0.9957995683169579,0.07741303278911667,1.5,0.3999999999999999,5.0,-3.056130819,0.180937930749996,0.0,2.0
2,4,4,0.89,1.33,1.3,1.4742857142857142,0.7466666666666667,0.72,0.9527001182650252,0.012499999994140497,1.315,0.030000000000000027,4.0,-3.635092758,0.094996619000026,3.3163,0.0
2,7,6,0.89,1.55,1.7,1.4742857142857142,0.586,0.562,1.0295982365304013,0.012158054705087004,1.625,0.1499999999999999,6.5,-2.6703698287931,0.091892590250006,1.88519999999999,5.0000003
2,5,6,0.89,1.6,1.7,1.4742857142857142,0.677142857142857,0.562,1.0063654546574294,0.05701351061759244,1.65,0.09999999999999987,5.5,-2.81802165,0.158354321222232,0.763099999999999,2.99999989999999
2,4,5,0.89,1.33,1.6,1.4742857142857142,0.7466666666666667,0.677142857142857,0.9623667485485815,0.032919954888583576,1.465,0.27,4.5,-3.313915328,0.113674588374994,0.0,0.0002061
2,4,6,0.89,1.33,1.7,1.4742857142857142,0.7466666666666667,0.562,0.9893364849616167,0.08989128666726039,1.5150000000000001,0.3699999999999999,5.0,-2.979708477,0.194257001583331,0.0,1.9999999
2,6,6,0.89,1.66,1.7,1.4742857142857142,0.521,0.562,1.0468333344830414,0.021117692494917566,1.68,0.040000000000000036,6.0,-2.23342298566666,0.170293997583339,0.1824,2.99999989999999
2,5,4,0.89,1.6,1.3,1.4742857142857142,0.677142857142857,0.72,0.9684811730891487,0.020422055810554635,1.4500000000000002,0.30000000000000004,4.5,-3.4130699325,0.052069121000002,0.0,6.8874179
2,4,4,0.89,1.33,1.3,1.4742857142857142,0.7466666666666667,0.72,0.9527001182650252,0.012499999994140497,1.315,0.030000000000000027,4.0,-3.6694066805,0.04404608825,0.426599999999999,7.0000002
2,4,5,0.89,1.33,1.6,1.4742857142857142,0.7466666666666667,0.677142857142857,0.9623667485485815,0.032919954888583576,1.465,0.27,4.5,-3.3493691235,0.06010360025,0.0,6.6693043
2,6,8,0.89,1.66,1.83,1.4742857142857142,0.521,0.6216666666666666,1.0309909970798246,0.05106526882766389,1.745,0.17000000000000015,7.0,-5.153567591,0.0,0.0,9.6463861
2,5,4,0.89,1.6,1.3,1.4742857142857142,0.677142857142857,0.72,0.9684811730891487,0.020422055810554635,1.4500000000000002,0.30000000000000004,4.5,-3.06633499966666,0.096817413222229,0.622799999999999,0.0
2,4,4,0.89,1.3,1.54,1.4742857142857142,0.72,0.6341666666666667,0.978500422361714,0.041323971895852095,1.42,0.24,4.0,-3.104368333,0.190470733819445,0.0,8e-07
2,8,6,0.89,1.83,1.7,1.4742857142857142,0.6216666666666666,0.562,1.020380011171047,0.029955652231634617,1.7650000000000001,0.13000000000000012,7.0,-2.08932370766666,0.1948221645,0.0,4.9754546
2,9,9,0.89,2.2,1.88,1.4742857142857142,0.625,0.6255555555555555,1.0035299558559871,0.00027431079399434835,2.04,0.3200000000000003,9.0,-2.2561880905,0.077274600458354,0.0,4.9919466
2,6,6,0.89,1.66,2.16,1.4742857142857142,0.521,0.58,1.0420030345563909,0.03024865417572495,1.9100000000000001,0.5000000000000002,6.0,-2.7249114925,0.136250090285706,0.0,4.995957
2,7,6,0.89,1.55,2.16,1.4742857142857142,0.586,0.58,1.0249253247172547,0.003025718606643502,1.855,0.6100000000000001,6.5,-2.6442282702931,0.193645975828825,0.382399999999999,6.0003792
2,7,8,0.89,1.55,2.2,1.4742857142857142,0.586,0.521,1.0404028251361004,0.03327361144956557,1.875,0.6500000000000001,7.5,-2.4999615022931,0.190924160466654,0.0,2.0
2,7,8,0.89,1.55,2.2,1.4742857142857142,0.586,0.521,1.0404028251361004,0.03327361144956557,1.875,0.6500000000000001,7.5,-2.5672965662931,0.123589096466654,0.320999999999999,1.99999669999999
2,7,8,0.89,1.55,2.2,1.4742857142857142,0.586,0.521,1.0404028251361004,0.03327361144956557,1.875,0.6500000000000001,7.5,-2.5412320577931,0.149653604966655,0.0,15.8583723
2,6,5,0.89,1.66,1.6,1.4742857142857142,0.521,0.677142857142857,1.016685492009933,0.0781076928183261,1.63,0.05999999999999983,5.5,-3.0665843775,0.127025262016658,0.0,1.999924
2,8,10,0.89,2.2,1.91,1.4742857142857142,0.521,0.5714285714285715,1.0442976057771003,0.025911109466629296,2.055,0.29000000000000026,9.0,-2.37273658949999,0.039392856166665,0.0,5.0061727
2,7,5,0.89,1.55,1.5,1.4742857142857142,0.586,0.6940000000000001,0.9962877053600813,0.05294117644463672,1.525,0.050000000000000044,6.0,-3.18655668902643,0.123896606166656,1.0025,5.00002
2,6,4,0.89,1.66,1.54,1.4742857142857142,0.521,0.6341666666666667,1.0277326293433893,0.05722472712120457,1.6,0.11999999999999988,5.0,-3.29082848533333,0.053622175750016,2.2522,1e-07
2,6,4,0.89,1.66,1.54,1.4742857142857142,0.521,0.6341666666666667,1.0277326293433893,0.05722472712120457,1.6,0.11999999999999988,5.0,-3.29738807508333,0.047062586000015,1.22499999999999,11.9988121
2,8,4,0.89,1.83,1.54,1.4742857142857142,0.6216666666666666,0.6341666666666667,1.002224081658698,0.006163961369469266,1.685,0.29000000000000004,6.0,-3.11263003233333,0.059971858499999,1.78379999999999,0.0
2,7,6,0.89,1.55,1.7,1.4742857142857142,0.586,0.562,1.0295982365304013,0.012158054705087004,1.625,0.1499999999999999,6.5,-2.19195733145976,0.194802626833336,0.0,4.5399525
2,5,4,0.89,1.6,1.54,1.4742857142857142,0.677142857142857,0.6341666666666667,0.9887005136293857,0.02090632690455394,1.57,0.06000000000000005,4.5,-3.13772750847126,0.030822862999997,1.56509999999999,0.0007635
2,6,5,0.89,1.66,1.6,1.4742857142857142,0.521,0.677142857142857,1.016685492009933,0.0781076928183261,1.63,0.05999999999999983,5.5,-2.71384755499999,0.180641513499987,0.0,4.7459269
2,5,6,0.89,1.6,1.7,1.4742857142857142,0.677142857142857,0.562,1.0063654546574294,0.05701351061759244,1.65,0.09999999999999987,5.5,-2.42001267766666,0.1861718270278,0.0,2.0
2,8,9,0.89,1.83,1.88,1.4742857142857142,0.6216666666666666,0.6255555555555555,1.0043564733210566,0.0019217570340538453,1.855,0.04999999999999982,8.5,-2.33368072575,0.0784512655,0.0,6.0003537
2,4,4,0.89,1.33,1.3,1.4742857142857142,0.7466666666666667,0.72,0.9527001182650252,0.012499999994140497,1.315,0.030000000000000027,4.0,-3.52449929975,0.195317215612494,0.0,0.000187699999999
2,7,9,0.89,1.55,1.88,1.4742857142857142,0.586,0.6255555555555555,1.013286188250771,0.019720806548998167,1.7149999999999999,0.32999999999999985,8.0,-2.4436261250431,0.088181212166666,0.0,13.9980881
2,7,4,0.89,1.55,1.54,1.4742857142857142,0.586,0.6341666666666667,1.0111157508846638,0.02396252227156638,1.545,0.010000000000000009,5.5,-2.49505076912643,0.168152721549985,0.0,4.0101239
2,7,5,0.89,1.55,1.6,1.4742857142857142,0.586,0.677142857142857,1.0004210978497645,0.04486323041178241,1.5750000000000002,0.050000000000000044,6.0,-2.87396858112643,0.195677998405583,0.0,4.9234599
2,5,4,0.89,1.6,1.54,1.4742857142857142,0.677142857142857,0.6341666666666667,0.9887005136293857,0.02090632690455394,1.57,0.06000000000000005,4.5,-2.90355266008333,0.145619113250019,0.6275,0.0
2,5,6,0.89,1.63,1.7,1.4742857142857142,0.576875,0.562,1.0319834566516202,0.007552918024789847,1.665,0.07000000000000006,5.5,-2.28422854466666,0.163241989473213,0.0,2.0421198
2,4,5,0.89,1.33,1.6,1.4742857142857142,0.7466666666666667,0.677142857142857,0.9623667485485815,0.032919954888583576,1.465,0.27,4.5,-3.00139788966666,0.099896537472227,0.606099999999999,0.0
2,4,4,0.89,1.33,1.54,1.4742857142857142,0.7466666666666667,0.6341666666666667,0.972259239681829,0.05381702209903104,1.435,0.20999999999999996,4.0,-3.028436694,0.198604889944444,0.0,5.02e-05
2,7,10,0.89,1.9,1.91,1.4742857142857142,0.534,0.5714285714285715,1.0408214523609285,0.019167459204464766,1.9049999999999998,0.010000000000000009,8.5,-2.44190680425,0.033321185000008,0.0,3.0213158
2,9,5,0.89,1.88,1.5,1.4742857142857142,0.6255555555555555,0.6940000000000001,0.9867214516383629,0.033229043030582446,1.69,0.3799999999999999,7.0,-2.81175282073333,0.073295865250001,1.53279999999999,1.21e-05
2,6,5,0.89,1.66,1.5,1.4742857142857142,0.521,0.6940000000000001,1.012416896101201,0.08617683681884095,1.58,0.15999999999999992,5.5,-3.16791021648333,0.0,2.2009,12.0005588
2,8,5,0.89,1.83,1.5,1.4742857142857142,0.6216666666666666,0.6940000000000001,0.987653803648176,0.035150238907353915,1.665,0.33000000000000007,6.5,-3.00621388623333,0.0,1.86229999999999,0.0
2,5,7,0.89,1.5,1.55,1.4742857142857142,0.6940000000000001,0.586,0.9962877053600813,0.05294117644463672,1.525,0.050000000000000044,6.0,-3.04905246552643,0.028530789916667,0.0,4.0000375
2,5,7,0.89,1.5,1.55,1.4742857142857142,0.6940000000000001,0.586,0.9962877053600813,0.05294117644463672,1.525,0.050000000000000044,6.0,-3.07083603552643,0.006747219916666,1.18229999999999,16.0003823
2,5,7,0.89,1.5,1.55,1.4742857142857142,0.6940000000000001,0.586,0.9962877053600813,0.05294117644463672,1.525,0.050000000000000044,6.0,-3.06990704402643,0.007676211416667,1.1315,16.0004006
2,5,7,0.89,1.5,1.55,1.4742857142857142,0.6940000000000001,0.586,0.9962877053600813,0.05294117644463672,1.525,0.050000000000000044,6.0,-3.07142502102643,0.006158234416668,1.1694,8.5e-06
2,8,4,0.89,1.83,1.54,1.4742857142857142,0.6216666666666666,0.6341666666666667,1.002224081658698,0.006163961369469266,1.685,0.29000000000000004,6.0,-2.816929195,0.015144188583332,0.0,12.0139767
2,7,4,0.89,1.55,1.54,1.4742857142857142,0.586,0.6341666666666667,1.0111157508846638,0.02396252227156638,1.545,0.010000000000000009,5.5,-2.97172770237643,0.019383723583304,1.15879999999999,0.000225799999999
2,8,5,0.89,1.83,1.63,1.4742857142857142,0.6216666666666666,0.576875,1.0165840890759161,0.022404001447659076,1.73,0.20000000000000018,6.5,-2.592685414,0.10079025249999,1.0389,4.9977207
2,8,5,0.89,1.83,1.63,1.4742857142857142,0.6216666666666666,0.576875,1.0165840890759161,0.022404001447659076,1.73,0.20000000000000018,6.5,-2.568807841,0.12466782549999,0.6837,19.9996996
2,5,6,0.89,1.63,2.16,1.4742857142857142,0.576875,0.58,1.0272889181046378,0.00157952929947017,1.895,0.5300000000000002,5.5,-2.6755853955,0.083071706249999,0.400299999999999,8e-07
2,9,3,0.89,2.2,1.22,1.4742857142857142,0.625,0.9884999999999999,0.9210046081286053,0.1647218759874376,1.71,0.9800000000000002,6.0,-2.76159472999999,0.0,0.0,2.0
2,8,3,0.89,2.2,1.22,1.4742857142857142,0.521,0.9884999999999999,0.943230963671926,0.21696252455414192,1.71,0.9800000000000002,5.5,-2.831114415,0.0,0.0903,3.0002985
2,4,4,0.89,1.33,1.54,1.4742857142857142,0.7466666666666667,0.6341666666666667,0.972259239681829,0.05381702209903104,1.435,0.20999999999999996,4.0,-3.56091773233333,0.004841601999968,2.2161,0.0001906
2,4,6,0.89,1.33,1.7,1.4742857142857142,0.7466666666666667,0.562,0.9893364849616167,0.08989128666726039,1.5150000000000001,0.3699999999999999,5.0,-3.054233885,0.076474615249987,0.0,1.99999939999999
2,5,4,1.0,1.6,1.3,1.155,0.677142857142857,0.72,0.8608988956610052,0.020422055810554635,1.4500000000000002,0.30000000000000004,4.5,-3.00422916366666,0.181525003263892,0.536699999999999,0.0
2,6,9,1.0,1.66,1.88,1.155,0.521,0.6255555555555555,0.9155618360628428,0.05298572592264028,1.77,0.21999999999999997,7.5,-2.508303185,0.135700244249999,0.0,0.0035364
2,6,8,1.0,1.66,1.83,1.155,0.521,0.6216666666666666,0.9164649096805497,0.05106526882766389,1.745,0.17000000000000015,7.0,-2.73674654549999,0.031413375749995,0.0,13.993967
2,6,6,1.0,1.66,2.16,1.155,0.521,0.58,0.9262536915030343,0.03024865417572495,1.9100000000000001,0.5000000000000002,6.0,-2.8939462705,0.014054269999999,1.5053,2.0069223
2,6,10,1.0,1.66,1.91,1.155,0.521,0.5714285714285715,0.9282933737238288,0.025911109466629296,1.785,0.25,8.0,-2.54036150849999,0.075222478333326,0.6463,0.0010837
2,6,6,1.0,1.66,1.7,1.155,0.521,0.562,0.9305474248125842,0.021117692494917566,1.68,0.040000000000000036,6.0,-2.890700132,0.061542932458339,1.85259999999999,2.0028681
2,8,9,1.0,1.83,1.88,1.155,0.6216666666666666,0.6255555555555555,0.8927890420152633,0.0019217570340538453,1.855,0.04999999999999982,8.5,-2.399504409,0.047697685833332,0.0,15.9981038
2,8,6,1.0,1.83,2.16,1.155,0.6216666666666666,0.58,0.9029526823622547,0.020824656382761444,1.995,0.33000000000000007,7.0,-2.712180774,0.023970996249999,1.21859999999999,14.0000305
2,8,10,1.0,1.83,1.91,1.155,0.6216666666666666,0.5714285714285715,0.9048909267456265,0.025162482844710087,1.87,0.07999999999999985,9.0,-2.352552896,0.0,0.0,10.0129448
2,8,10,1.0,1.83,1.91,1.155,0.6216666666666666,0.5714285714285715,0.9048909267456265,0.025162482844710087,1.87,0.07999999999999985,9.0,-2.348544327,0.004008568999999,0.357999999999999,10.0002619
2,8,6,1.0,1.83,1.7,1.155,0.6216666666666666,0.562,0.9070326292144222,0.029955652231634617,1.7650000000000001,0.13000000000000012,7.0,-2.7854485645,0.037199050749997,0.220399999999999,2.0002215
2,8,6,1.0,1.83,1.7,1.155,0.6216666666666666,0.562,0.9070326292144222,0.029955652231634617,1.7650000000000001,0.13000000000000012,7.0,-2.78816411,0.034483505249998,2.471,0.001670799999999
2,6,7,1.0,1.66,1.55,1.155,0.521,0.586,0.924831238944292,0.03327361144956557,1.605,0.10999999999999988,6.5,-2.8557681932931,0.106913039966663,0.0,6.5e-06
2,8,7,1.0,1.83,1.55,1.155,0.6216666666666666,0.586,0.9016008443620231,0.01779921815630085,1.69,0.28,7.5,-2.6976986797931,0.057458161166655,1.07569999999999,3.9e-06
2,8,7,1.0,1.83,1.55,1.155,0.6216666666666666,0.586,0.9016008443620231,0.01779921815630085,1.69,0.28,7.5,-2.6905718437931,0.064584997166653,1.4781,3.9943381
2,7,6,1.0,1.55,2.16,1.155,0.586,0.58,0.911073033427838,0.003025718606643502,1.855,0.6100000000000001,6.5,-2.8261777087931,0.063149547641668,1.3872,7.9999727
2,7,5,1.0,1.55,1.6,1.155,0.586,0.677142857142857,0.8892908218212245,0.04486323041178241,1.5750000000000002,0.050000000000000044,6.0,-3.2073120405431,0.007620192874997,2.4089,0.0
2,7,5,1.0,1.55,1.6,1.155,0.586,0.677142857142857,0.8892908218212245,0.04486323041178241,1.5750000000000002,0.050000000000000044,6.0,-3.1625631067931,0.052369126624997,2.44389999999999,10.0000037
2,5,9,1.0,1.6,1.88,1.155,0.677142857142857,0.6255555555555555,0.8807168568457358,0.025147986214382058,1.74,0.2799999999999998,7.0,-3.053297722,0.009486787375001,0.713499999999999,4.06e-05
2,6,5,1.0,1.66,1.5,1.155,0.521,0.6940000000000001,0.8999540848295219,0.08617683681884095,1.58,0.15999999999999992,5.5,-3.29182253648333,0.035145320874999,2.10459999999999,5e-07
2,8,5,1.0,1.83,1.5,1.155,0.6216666666666666,0.6940000000000001,0.877941763332387,0.035150238907353915,1.665,0.33000000000000007,6.5,-3.21720305373333,0.0,1.89719999999999,8.0000221
2,6,4,1.0,1.66,1.54,1.155,0.521,0.6341666666666667,0.9135684928333259,0.05722472712120457,1.6,0.11999999999999988,5.0,-3.37671719458333,0.006414756125,2.68769999999999,2e-06
2,8,4,1.0,1.83,1.54,1.155,0.6216666666666666,0.6341666666666667,0.8908935238800106,0.006163961369469266,1.685,0.29000000000000004,6.0,-3.20054750483333,0.00395897575,0.0,1e-06
2,7,4,1.0,1.55,1.54,1.155,0.586,0.6341666666666667,0.8987974753763524,0.02396252227156638,1.545,0.010000000000000009,5.5,-3.26121205637643,0.088569546619055,0.2488,0.0
2,6,5,1.0,1.66,1.63,1.155,0.521,0.576875,0.9269962865798125,0.02866946732326237,1.645,0.030000000000000027,5.5,-3.06073793449999,0.012913291580348,1.5655,3.9962311
2,8,5,1.0,1.83,1.63,1.155,0.6216666666666666,0.576875,0.9036583714275724,0.022404001447659076,1.73,0.20000000000000018,6.5,-2.888186702,0.012774371857144,0.0,10.0000008
2,8,5,1.0,1.83,1.63,1.155,0.6216666666666666,0.576875,0.9036583714275724,0.022404001447659076,1.73,0.20000000000000018,6.5,-2.7651151875,0.135845886357143,1.0776,6.0000195
2,8,5,1.0,1.83,1.63,1.155,0.6216666666666666,0.576875,0.9036583714275724,0.022404001447659076,1.73,0.20000000000000018,6.5,-2.87007376883333,0.030887305023812,0.1109,18.0006479
2,8,7,1.0,1.83,1.55,1.155,0.6216666666666666,0.586,0.9016008443620231,0.01779921815630085,1.69,0.28,7.5,-2.0965567557931,0.014174021791656,0.704899999999999,15.9977427
2,7,9,1.0,1.55,2.2,1.155,0.586,0.625,0.9008515708275395,0.019446522054626592,1.875,0.6500000000000001,8.0,-1.76091609532567,0.08423449462963,0.0,4.4633784
2,7,6,1.0,1.55,1.7,1.155,0.586,0.562,0.9152268618462339,0.012158054705087004,1.625,0.1499999999999999,6.5,-2.313512528659,0.111371464351847,0.855699999999999,8.3e-06
2,8,4,1.0,1.83,1.3,1.155,0.6216666666666666,0.72,0.8724303381801499,0.047484909433810236,1.565,0.53,6.0,-3.11856206874999,0.180109948,2.0833,5.0000007
2,4,4,1.0,1.3,1.54,1.155,0.72,0.6341666666666667,0.8698051716669609,0.041323971895852095,1.42,0.24,4.0,-3.52450232808333,0.19043320675,0.0,0.003676
2,7,4,1.0,1.55,1.54,1.155,0.586,0.6341666666666667,0.8987974753763524,0.02396252227156638,1.545,0.010000000000000009,5.5,-3.08497643187643,0.174806552749999,0.0,3.66e-05
2,6,4,1.0,1.66,1.33,1.155,0.521,0.7466666666666667,0.8883018070819494,0.11095632216129332,1.495,0.32999999999999985,5.0,-3.20695342975,0.199055479000001,2.4074,3.0000005
2,8,4,1.0,1.83,1.54,1.155,0.6216666666666666,0.6341666666666667,0.8908935238800106,0.006163961369469266,1.685,0.29000000000000004,6.0,-3.12357412141666,0.019325853499998,1.3812,15.9990178
2,7,4,1.0,1.55,1.54,1.155,0.586,0.6341666666666667,0.8987974753763524,0.02396252227156638,1.545,0.010000000000000009,5.5,-3.23747311970977,0.017872486999987,1.57999999999999,19.9994819
2,5,4,1.0,1.6,1.54,1.155,0.677142857142857,0.6341666666666667,0.8788722011064395,0.02090632690455394,1.57,0.06000000000000005,4.5,-2.86222059899999,0.179617786326392,0.0,4.7e-06
2,4,5,1.0,1.33,1.6,1.155,0.7466666666666667,0.677142857142857,0.8554636827928122,0.032919954888583576,1.465,0.27,4.5,-2.92802271066666,0.195873470513893,0.5202,0.0
2,9,9,1.0,1.88,2.2,1.155,0.6255555555555555,0.625,0.8920543370022032,0.00027431079399434835,2.04,0.3200000000000003,9.0,-2.12642163525,0.0,0.0,5.0487675
2,9,9,1.0,1.88,2.2,1.155,0.6255555555555555,0.625,0.8920543370022032,0.00027431079399434835,2.04,0.3200000000000003,9.0,-2.09678702925,0.029634606000013,0.0,2.22924
2,9,9,1.0,1.88,2.28,1.155,0.6255555555555555,0.605,0.896480795461309,0.010199862158963595,2.08,0.3999999999999999,9.0,-1.9179904905,0.149276850833322,0.074599999999999,3.9994028
2,9,6,1.0,1.88,1.7,1.155,0.6255555555555555,0.562,0.9061480398806266,0.031876950496717994,1.79,0.17999999999999994,7.5,-2.5920701,0.024863830999991,0.0,0.0022291
2,9,6,1.0,1.88,1.7,1.155,0.6255555555555555,0.562,0.9061480398806266,0.031876950496717994,1.79,0.17999999999999994,7.5,-2.49281580799999,0.124118122999992,1.49299999999999,3.0007263
2,9,6,1.0,1.88,1.7,1.155,0.6255555555555555,0.562,0.9061480398806266,0.031876950496717994,1.79,0.17999999999999994,7.5,-2.61693393099999,0.0,1.2029,6.0001157
2,9,6,1.0,2.2,1.66,1.155,0.625,0.521,0.9156907375996642,0.05271160666360288,1.9300000000000002,0.5400000000000003,7.5,-2.40174064049999,0.0,0.0,2.0272945
2,6,6,1.0,1.7,1.66,1.155,0.562,0.521,0.9305474248125842,0.021117692494917566,1.68,0.040000000000000036,6.0,-2.768614624,0.034184157694442,1.69519999999999,1.99933199999999
2,6,6,1.0,1.7,1.66,1.155,0.562,0.521,0.9305474248125842,0.021117692494917566,1.68,0.040000000000000036,6.0,-2.7694489315,0.033349850194442,1.8837,1.45e-05
2,6,6,1.0,1.7,1.66,1.155,0.562,0.521,0.9305474248125842,0.021117692494917566,1.68,0.040000000000000036,6.0,-2.78768432349999,0.015114458194442,1.7595,3.9998085
2,6,6,1.0,1.7,1.66,1.155,0.562,0.521,0.9305474248125842,0.021117692494917566,1.68,0.040000000000000036,6.0,-2.76834286299999,0.034455918694442,1.6023,2.0041526
2,8,9,1.0,1.83,2.2,1.155,0.6216666666666666,0.625,0.8929116105273038,0.0016474464571759292,2.015,0.3700000000000001,8.5,-2.24188327125,0.0,0.0,7.9770048
2,8,6,1.0,1.83,2.16,1.155,0.6216666666666666,0.58,0.9029526823622547,0.020824656382761444,1.995,0.33000000000000007,7.0,-2.54806293299999,0.003955293000005,1.1193,11.9991657
2,7,8,1.0,1.9,1.83,1.155,0.534,0.6216666666666666,0.9134530169136528,0.044324597601251514,1.865,0.06999999999999984,7.5,-2.55467773025,0.0,0.0,11.9999981
2,8,6,1.0,1.83,1.7,1.155,0.6216666666666666,0.562,0.9070326292144222,0.029955652231634617,1.7650000000000001,0.13000000000000012,7.0,-2.65016495749999,0.0223446715,3.26309999999999,0.000117799999999
2,8,6,1.0,1.83,1.7,1.155,0.6216666666666666,0.562,0.9070326292144222,0.029955652231634617,1.7650000000000001,0.13000000000000012,7.0,-2.672509629,0.0,3.0012,8.0009437
2,8,6,1.0,1.83,1.7,1.155,0.6216666666666666,0.562,0.9070326292144222,0.029955652231634617,1.7650000000000001,0.13000000000000012,7.0,-2.486460758,0.186048871,0.0,4.0000202
2,8,6,1.0,1.83,1.7,1.155,0.6216666666666666,0.562,0.9070326292144222,0.029955652231634617,1.7650000000000001,0.13000000000000012,7.0,-2.54678106799999,0.125728561,2.7594,4.0000248
2,8,6,1.0,1.83,1.7,1.155,0.6216666666666666,0.562,0.9070326292144222,0.029955652231634617,1.7650000000000001,0.13000000000000012,7.0,-2.485544567,0.186965062,2.5738,4.0002187
2,8,6,1.0,1.83,1.7,1.155,0.6216666666666666,0.562,0.9070326292144222,0.029955652231634617,1.7650000000000001,0.13000000000000012,7.0,-2.50112905749999,0.1713805715,1.875,12.0000017
2,5,4,1.0,1.6,1.3,1.155,0.677142857142857,0.72,0.8608988956610052,0.020422055810554635,1.4500000000000002,0.30000000000000004,4.5,-3.332170996,0.186267606374993,0.0,0.029183999999999
2,4,4,1.0,1.3,1.54,1.155,0.72,0.6341666666666667,0.8698051716669609,0.041323971895852095,1.42,0.24,4.0,-3.57240327933333,0.116109330750001,2.4866,0.0
2,4,4,1.0,1.33,1.3,1.155,0.7466666666666667,0.72,0.8468708556247503,0.012499999994140497,1.315,0.030000000000000027,4.0,-3.57214105499999,0.173415511250002,3.4088,0.0
2,9,9,1.0,2.28,2.2,1.155,0.605,0.625,0.8966043798003146,0.009925558307729261,2.24,0.07999999999999963,9.0,-2.10618437699999,0.0,0.0,2.0008454
2,9,6,1.0,2.2,1.7,1.155,0.625,0.562,0.9062743041338329,0.03160270878775883,1.9500000000000002,0.5000000000000002,7.5,-2.39178485199999,0.155703282250001,1.1277,2.0000085
2,7,9,1.0,1.55,2.2,1.155,0.586,0.625,0.9008515708275395,0.019446522054626592,1.875,0.6500000000000001,8.0,-2.2980209892931,0.020710273166668,0.0,8.3378266
2,5,7,1.0,1.6,1.55,1.155,0.677142857142857,0.586,0.8892908218212245,0.04486323041178241,1.5750000000000002,0.050000000000000044,6.0,-3.0011409197931,0.013132983374999,0.0,5.29999999999999e-06
2,7,10,1.0,1.55,1.91,1.155,0.586,0.5714285714285715,0.9130463343442388,0.007364089231712441,1.73,0.3599999999999999,8.5,-1.9918063322931,0.188666540791666,0.0,9.9965697
2,7,7,1.0,1.9,1.55,1.155,0.534,0.586,0.9217641965713484,0.02653061223136184,1.725,0.34999999999999987,7.0,-2.6559970390431,0.000765378702379,0.1472,15.2418359
2,7,8,1.0,1.55,2.2,1.155,0.586,0.521,0.924831238944292,0.03327361144956557,1.875,0.6500000000000001,7.5,-2.3941978387931,0.0,0.0,2.1036916
2,7,6,1.0,1.55,1.7,1.155,0.586,0.562,0.9152268618462339,0.012158054705087004,1.625,0.1499999999999999,6.5,-2.7569592952931,0.020584987000058,2.6496,1e-06
2,7,6,1.0,1.55,1.7,1.155,0.586,0.562,0.9152268618462339,0.012158054705087004,1.625,0.1499999999999999,6.5,-2.7553590757931,0.022185206500058,2.5151,5.0002154
2,7,6,1.0,1.55,1.7,1.155,0.586,0.562,0.9152268618462339,0.012158054705087004,1.625,0.1499999999999999,6.5,-2.7775442822931,0.0,2.1817,0.0
2,6,6,1.0,1.7,2.16,1.155,0.562,0.58,0.9166199012092746,0.009132420086690815,1.9300000000000002,0.4600000000000002,6.0,-2.63737325399999,0.024651902499998,1.9254,4.0000026
2,6,6,1.0,1.7,2.16,1.155,0.562,0.58,0.9166199012092746,0.009132420086690815,1.9300000000000002,0.4600000000000002,6.0,-2.661461421,0.000563735499998,1.55059999999999,7.9999718
2,5,6,1.0,1.6,1.66,1.155,0.677142857142857,0.521,0.9037485101688695,0.0781076928183261,1.63,0.05999999999999983,5.5,-3.11584376349999,0.0,2.7637,2.8e-06
2,5,8,1.0,1.6,1.83,1.155,0.677142857142857,0.6216666666666666,0.8815524677658745,0.027069416193587964,1.715,0.22999999999999998,6.5,-2.94169549199999,0.0,2.08709999999999,0.0
2,10,9,1.0,1.91,2.2,1.155,0.5714285714285715,0.625,0.9041361770899842,0.02680965146111393,2.055,0.29000000000000026,9.5,-2.094400157,0.0,0.0,5.4432862
2,10,6,1.0,1.91,1.7,1.155,0.5714285714285715,0.562,0.9186173296269686,0.0047940727803038015,1.805,0.20999999999999996,8.0,-2.50167008399999,0.106510789000001,0.5975,1.9999969
2,10,6,1.0,1.91,1.7,1.155,0.5714285714285715,0.562,0.9186173296269686,0.0047940727803038015,1.805,0.20999999999999996,8.0,-2.608180873,0.0,2.933,0.0
2,10,6,1.0,1.91,1.7,1.155,0.5714285714285715,0.562,0.9186173296269686,0.0047940727803038015,1.805,0.20999999999999996,8.0,-2.50652113299999,0.101659740000001,1.50129999999999,4.0002619
2,9,5,1.0,1.88,1.5,1.155,0.6255555555555555,0.6940000000000001,0.8771129802461293,0.033229043030582446,1.69,0.3799999999999999,7.0,-2.88907456023333,0.037270560114286,0.361199999999999,7.99913169999999
2,5,6,1.0,1.5,1.66,1.155,0.6940000000000001,0.521,0.8999540848295219,0.08617683681884095,1.58,0.15999999999999992,5.5,-3.23331910423333,0.0,2.7922,3.9e-06
2,5,6,1.0,1.5,1.66,1.155,0.6940000000000001,0.521,0.8999540848295219,0.08617683681884095,1.58,0.15999999999999992,5.5,-3.21016376548333,0.023155338749967,2.63519999999999,0.0
2,8,5,1.0,1.83,1.5,1.155,0.6216666666666666,0.6940000000000001,0.877941763332387,0.035150238907353915,1.665,0.33000000000000007,6.5,-3.03563844373333,0.005046326249999,1.2064,10.0000289
2,5,7,1.0,1.5,1.55,1.155,0.6940000000000001,0.586,0.8856165810320602,0.05294117644463672,1.525,0.050000000000000044,6.0,-3.11306568052643,0.008585782196426,0.0,8.5e-06
2,5,6,1.0,1.5,2.16,1.155,0.6940000000000001,0.58,0.8869208764381349,0.055964653875324115,1.83,0.6600000000000001,5.5,-3.08376108273333,0.0,1.4283,6.0035494
2,5,10,1.0,1.5,1.91,1.155,0.6940000000000001,0.5714285714285715,0.8887908340095657,0.06029938854296877,1.705,0.4099999999999999,7.5,-2.77180654573333,0.086347068833335,0.0,5.9979182
2,5,4,1.0,1.5,1.54,1.155,0.6940000000000001,0.6341666666666667,0.8752833745307649,0.028987847698822882,1.52,0.040000000000000036,4.5,-3.44584108006666,0.004500878789054,0.0,0.051590699999999
2,5,5,1.0,1.5,1.63,1.155,0.6940000000000001,0.576875,0.887601719681395,0.05754291150794707,1.565,0.1299999999999999,5.0,-3.25461470673333,0.0,0.431499999999999,4.0166216
2,5,6,1.0,1.5,1.7,1.155,0.6940000000000001,0.562,0.8908569158292394,0.0650887573643546,1.6,0.19999999999999996,5.5,-3.03421970973333,0.072614909499996,2.1053,6.0001084
2,5,6,1.0,1.5,1.7,1.155,0.6940000000000001,0.562,0.8908569158292394,0.0650887573643546,1.6,0.19999999999999996,5.5,-3.00860780723333,0.098226811999994,0.0,6.0008775
2,5,6,1.0,1.5,1.7,1.155,0.6940000000000001,0.562,0.8908569158292394,0.0650887573643546,1.6,0.19999999999999996,5.5,-3.00570899673333,0.101125622499996,2.2589,3.0000966
2,4,6,1.0,1.54,1.66,1.155,0.6341666666666667,0.521,0.9135684928333259,0.05722472712120457,1.6,0.11999999999999988,5.0,-3.08988691783333,0.029853680000003,1.1492,3.9999843
2,4,9,1.0,1.54,2.2,1.155,0.6341666666666667,0.625,0.8901619340433699,0.004516526378394699,1.87,0.6600000000000001,6.5,-2.81191228433333,0.017106052750003,0.0,2.0018786
2,7,4,1.0,1.55,1.54,1.155,0.586,0.6341666666666667,0.8987974753763524,0.02396252227156638,1.545,0.010000000000000009,5.5,-3.02551289537643,0.020287187166669,0.875,1e-07
2,7,4,1.0,1.55,1.54,1.155,0.586,0.6341666666666667,0.8987974753763524,0.02396252227156638,1.545,0.010000000000000009,5.5,-3.04050740012643,0.005292682416669,1.947,1.8e-06
2,4,8,1.0,1.54,2.2,1.155,0.6341666666666667,0.521,0.9135684928333259,0.05722472712120457,1.87,0.6600000000000001,6.0,-2.88846236583333,0.002925520000021,0.0,3.9594791
2,4,6,1.0,1.54,1.7,1.155,0.6341666666666667,0.562,0.904195433269683,0.03611794634719044,1.62,0.15999999999999992,5.0,-3.08204899183333,0.031877521888885,0.3989,3.99953209999999
2,4,6,1.0,1.54,1.7,1.155,0.6341666666666667,0.562,0.904195433269683,0.03611794634719044,1.62,0.15999999999999992,5.0,-2.98142942733333,0.132497086388884,0.0,2.0000631
2,9,5,1.0,2.2,1.63,1.155,0.625,0.576875,0.9029056756111461,0.024051225975798216,1.915,0.5700000000000003,7.0,-2.484801397,0.092254102660715,0.4312,0.0001271
2,5,6,1.0,1.63,2.16,1.155,0.576875,0.58,0.9131740705915232,0.00157952929947017,1.895,0.5300000000000002,5.5,-2.7241696865,0.054269493705369,0.6962,1.34e-05
2,5,6,1.0,1.63,1.7,1.155,0.576875,0.562,0.9173471233704884,0.007552918024789847,1.665,0.07000000000000006,5.5,-2.78954517299999,0.050911607958335,0.882899999999999,3.000141
2,5,6,1.0,1.63,1.7,1.155,0.576875,0.562,0.9173471233704884,0.007552918024789847,1.665,0.07000000000000006,5.5,-2.7925790935,0.047877687458335,1.021,1.3e-06
2,5,6,1.0,1.63,1.7,1.155,0.576875,0.562,0.9173471233704884,0.007552918024789847,1.665,0.07000000000000006,5.5,-2.81378807449999,0.026668706458334,0.0,3.21e-05
2,8,4,1.0,1.83,1.33,1.155,0.6216666666666666,0.7466666666666667,0.8668490165463449,0.05997600956738457,1.58,0.5,6.0,-2.79985233499999,0.149494715000002,0.0,4.0000008
2,5,4,1.0,1.6,1.33,1.155,0.677142857142857,0.7466666666666667,0.8554636827928122,0.032919954888583576,1.465,0.27,4.5,-3.253079747,0.189977358624991,0.0,2.95e-05
2,4,4,1.0,1.33,1.54,1.155,0.7466666666666667,0.6341666666666667,0.864257281397093,0.05381702209903104,1.435,0.20999999999999996,4.0,-3.47944129033333,0.133689823,2.39329999999999,0.0
2,9,9,1.0,1.88,2.28,1.155,0.6255555555555555,0.605,0.896480795461309,0.010199862158963595,2.08,0.3999999999999999,9.0,-2.36539018795454,0.019429934545461,0.0,4.0
2,9,9,1.0,1.88,2.28,1.155,0.6255555555555555,0.605,0.896480795461309,0.010199862158963595,2.08,0.3999999999999999,9.0,-2.36658837590909,0.018231746590915,0.024499999999999,8.0001022
2,9,9,1.0,1.88,2.28,1.155,0.6255555555555555,0.605,0.896480795461309,0.010199862158963595,2.08,0.3999999999999999,9.0,-2.3656653290909,0.019154793409096,0.0,4.0385332
2,9,9,1.0,1.88,2.28,1.155,0.6255555555555555,0.605,0.896480795461309,0.010199862158963595,2.08,0.3999999999999999,9.0,-2.36578515477272,0.019034967727278,0.0,0.0463643
2,9,9,1.0,1.88,2.28,1.155,0.6255555555555555,0.605,0.896480795461309,0.010199862158963595,2.08,0.3999999999999999,9.0,-2.36637120431818,0.018448918181825,0.2555,0.0029689
2,9,9,1.0,1.88,2.28,1.155,0.6255555555555555,0.605,0.896480795461309,0.010199862158963595,2.08,0.3999999999999999,9.0,-2.32800403636363,0.056816086136369,0.760399999999999,8.0017292
2,8,9,1.0,1.83,2.28,1.155,0.6216666666666666,0.605,0.8973466019687626,0.008278145691252547,2.0549999999999997,0.44999999999999973,8.5,-2.46065435681818,0.016226191250008,0.8859,2e-06
2,9,7,1.0,1.88,1.55,1.155,0.6255555555555555,0.586,0.9007268129654592,0.019720806548998167,1.7149999999999999,0.32999999999999985,8.0,-2.60747788526645,0.0,2.1034,0.0046606
2,9,7,1.0,1.88,1.55,1.155,0.6255555555555555,0.586,0.9007268129654592,0.019720806548998167,1.7149999999999999,0.32999999999999985,8.0,-2.60746227708463,1.56081818181164e-05,0.442099999999999,0.0055613
2,7,10,1.0,1.55,1.91,1.155,0.586,0.5714285714285715,0.9130463343442388,0.007364089231712441,1.73,0.3599999999999999,8.5,-2.57526185935736,0.00090297787879,0.0,1.9988883
2,10,4,1.0,1.91,1.54,1.155,0.5714285714285715,0.6341666666666667,0.9020670926066321,0.031325229573921434,1.725,0.3699999999999999,7.0,-2.98184012848484,0.058222049318183,3.1552,4.0064996
2,9,6,1.0,1.88,1.7,1.155,0.6255555555555555,0.562,0.9061480398806266,0.031876950496717994,1.79,0.17999999999999994,7.5,-1.99332652999999,0.181525708333335,0.0,2.0002192
2,5,4,1.0,1.6,1.3,1.155,0.677142857142857,0.72,0.8608988956610052,0.020422055810554635,1.4500000000000002,0.30000000000000004,4.5,-3.35924014749999,0.13301374258334,0.0,6.481245
2,4,4,1.0,1.3,1.54,1.155,0.72,0.6341666666666667,0.8698051716669609,0.041323971895852095,1.42,0.24,4.0,-3.59718215083333,0.0925478675,0.0,7.0000165
2,4,5,1.0,1.3,1.63,1.155,0.72,0.576875,0.8819687324157962,0.06987032795978879,1.4649999999999999,0.32999999999999985,4.5,-3.2651381615,0.140260932562501,0.0,8.0000001
2,4,4,1.0,1.33,1.3,1.155,0.7466666666666667,0.72,0.8468708556247503,0.012499999994140497,1.315,0.030000000000000027,4.0,-3.6019453195,0.128619155250001,0.3977,6.9999998
2,7,6,1.0,1.55,1.7,1.155,0.586,0.562,0.9152268618462339,0.012158054705087004,1.625,0.1499999999999999,6.5,-2.6462208132931,0.114910687250002,0.283999999999999,11.9994527
2,8,5,1.0,1.83,1.6,1.155,0.6216666666666666,0.677142857142857,0.8815524677658745,0.027069416193587964,1.715,0.22999999999999998,6.5,-2.8604638795,0.110771709625007,0.0,11.7352481
2,4,7,1.0,1.33,1.55,1.155,0.7466666666666667,0.586,0.8743302913276578,0.07775447649084317,1.44,0.21999999999999997,5.5,-3.0254176532931,0.182227418500001,0.0,10.0000002
2,4,5,1.0,1.33,1.6,1.155,0.7466666666666667,0.677142857142857,0.8554636827928122,0.032919954888583576,1.465,0.27,4.5,-3.2841151115,0.143949902625012,0.0,6.7208012
2,4,4,1.0,1.33,1.54,1.155,0.7466666666666667,0.6341666666666667,0.864257281397093,0.05381702209903104,1.435,0.20999999999999996,4.0,-3.50778114083333,0.106567380749998,0.0,7.0027481
2,4,5,1.0,1.33,1.63,1.155,0.7466666666666667,0.576875,0.8762650999340853,0.08235234674932636,1.48,0.2999999999999998,4.5,-3.1782464325,0.153132604000003,0.0,8.0000005
2,7,8,1.0,1.9,1.83,1.155,0.534,0.6216666666666666,0.9134530169136528,0.044324597601251514,1.865,0.06999999999999984,7.5,-2.25660248472222,0.04339175130093,0.685099999999999,10.0002146
2,8,6,1.0,1.83,1.7,1.155,0.6216666666666666,0.562,0.9070326292144222,0.029955652231634617,1.7650000000000001,0.13000000000000012,7.0,-2.14100436999999,0.150562357500001,0.0,6.0035849
2,8,6,1.0,1.83,1.7,1.155,0.6216666666666666,0.562,0.9070326292144222,0.029955652231634617,1.7650000000000001,0.13000000000000012,7.0,-2.14155687777777,0.150009849722223,0.0,6.0
12,9,7,1.22,1.88,1.55,1.0545714285714287,0.6255555555555555,0.586,0.8653222309405939,0.019720806548998167,1.7149999999999999,0.32999999999999985,8.0,-2.65605649362643,0.196896376944451,0.391799999999999,11.9999905
12,10,8,1.22,1.91,2.2,1.0545714285714287,0.5714285714285715,0.521,0.8918052416730684,0.025911109466629296,2.055,0.29000000000000026,9.0,-2.65071666983333,0.032721849499996,0.0,7.9971609
12,8,5,1.22,1.83,1.63,1.0545714285714287,0.6216666666666666,0.576875,0.8681385595677132,0.022404001447659076,1.73,0.20000000000000018,6.5,-3.06145664283333,0.023038897500006,1.3296,13.999983
9,9,8,,1.88,2.2,1.1569999999999998,0.6255555555555555,0.521,0.9162785185176865,0.05298572592264028,2.04,0.3200000000000003,8.5,-2.339215697,0.075035380249998,0.0,26.0033202
9,9,6,,1.88,1.7,1.1569999999999998,0.6255555555555555,0.562,0.9068573534147797,0.031876950496717994,1.79,0.17999999999999994,7.5,-2.478047705,0.125529957499997,0.0,16.2706353
9,8,6,,1.83,1.7,1.1569999999999998,0.6216666666666666,0.562,0.90774263518641,0.029955652231634617,1.7650000000000001,0.13000000000000012,7.0,-2.521126592,0.113768692249994,0.0,17.5696206
9,4,8,,1.3,1.83,1.1569999999999998,0.72,0.6216666666666666,0.8731132582100365,0.047484909433810236,1.565,0.53,6.0,-3.06860048,0.156232988249996,0.0,18.0000008
9,4,5,,1.3,1.6,1.1569999999999998,0.72,0.677142857142857,0.8615727891214051,0.020422055810554635,1.4500000000000002,0.30000000000000004,4.5,-3.389352887,0.04226190400001,0.0,1.267519
9,4,4,,1.3,1.54,1.1569999999999998,0.72,0.6341666666666667,0.8704860367719839,0.041323971895852095,1.42,0.24,4.0,-3.62209995733333,0.016994092500002,0.003499999999999,13.9542585
9,4,5,,1.3,1.63,1.1569999999999998,0.72,0.576875,0.8826591188990962,0.06987032795978879,1.4649999999999999,0.32999999999999985,4.5,-3.305448941,0.05667760725001,0.0,14.9999999
9,4,6,,1.3,1.7,1.1569999999999998,0.72,0.562,0.8858755702437986,0.07741303278911667,1.5,0.3999999999999999,5.0,-3.07431393,0.159715639499994,0.0,15.9999995
9,4,4,,1.3,1.33,1.1569999999999998,0.72,0.7466666666666667,0.8475337682318929,0.012499999994140497,1.315,0.030000000000000027,4.0,-3.633371646,0.046556860250001,0.3481,13.9999999
9,7,9,,1.55,2.28,1.1569999999999998,0.586,0.605,0.9060746874734704,0.009521423197433578,1.915,0.7299999999999998,8.0,-2.4150232312931,0.090730552083327,0.0,31.9999204
9,7,6,,1.55,1.7,1.1569999999999998,0.586,0.562,0.9159432820903405,0.012158054705087004,1.625,0.1499999999999999,6.5,-2.6748747717931,0.069843946999998,0.387599999999999,19.0000014
9,8,5,,1.83,1.6,1.1569999999999998,0.6216666666666666,0.677142857142857,0.8822425284060043,0.027069416193587964,1.715,0.22999999999999998,6.5,-2.886674052,0.082983350249996,0.0,18.5562942
9,5,6,,1.6,1.7,1.1569999999999998,0.677142857142857,0.562,0.8952751129678591,0.05701351061759244,1.65,0.09999999999999987,5.5,-2.813878178,0.162676300187497,0.0,16.9885395
9,10,6,,1.91,1.7,1.1569999999999998,0.5714285714285715,0.562,0.9193364038575963,0.0047940727803038015,1.805,0.20999999999999996,8.0,-2.516327713,0.082602808124994,0.442999999999999,16.0000006
9,5,4,,1.6,1.54,1.1569999999999998,0.677142857142857,0.6341666666666667,0.8795601636904758,0.02090632690455394,1.57,0.06000000000000005,4.5,-3.34329304933333,0.007749665500037,0.0,13.5124513
9,5,6,,1.63,1.7,1.1569999999999998,0.576875,0.562,0.9180652033105045,0.007552918024789847,1.665,0.07000000000000006,5.5,-2.733905529,0.080634846749999,0.3942,16.9999997
9,6,4,,1.66,1.33,1.1569999999999998,0.521,0.7466666666666667,0.8889971509622483,0.11095632216129332,1.495,0.32999999999999985,5.0,-3.166097654,0.10693787075,0.0,16.0000008
9,8,4,,1.83,1.33,1.1569999999999998,0.6216666666666666,0.7466666666666667,0.8675275676356179,0.05997600956738457,1.58,0.5,6.0,-2.974647611,0.188327871499993,0.0,18.0000007
9,5,4,,1.6,1.33,1.1569999999999998,0.677142857142857,0.7466666666666667,0.8561333216834522,0.032919954888583576,1.465,0.27,4.5,-3.317280466,0.074596705250039,0.0,13.599176
9,4,4,,1.33,1.54,1.1569999999999998,0.7466666666666667,0.6341666666666667,0.8649338037308676,0.05381702209903104,1.435,0.20999999999999996,4.0,-3.53709541333333,0.062261016749999,0.0034,14.0001123
9,4,5,,1.33,1.63,1.1569999999999998,0.7466666666666667,0.576875,0.8769510217344251,0.08235234674932636,1.48,0.2999999999999998,4.5,-3.217619104,0.097406401812499,0.0,14.9999998
9,4,6,,1.33,1.7,1.1569999999999998,0.7466666666666667,0.562,0.880125931626639,0.08989128666726039,1.5150000000000001,0.3699999999999999,5.0,-2.984259763,0.187911820749992,0.0,11.6227842
9,6,4,,1.66,1.3,1.1569999999999998,0.521,0.72,0.8948636668454526,0.09849047260653788,1.48,0.3599999999999999,5.0,-2.7592427035,0.174592803916665,0.0,9.8614031
10,9,7,1.2,1.88,1.55,1.0245,0.6255555555555555,0.586,0.8547210011877715,0.019720806548998167,1.7149999999999999,0.32999999999999985,8.0,-2.8105339522931,0.0,0.9184,40.0000002
10,7,10,1.2,1.55,1.91,1.0245,0.586,0.5714285714285715,0.8664112867387895,0.007364089231712441,1.73,0.3599999999999999,8.5,-2.8014227372931,0.0,0.0,38.0000002
10,10,8,1.2,1.91,2.2,1.0245,0.5714285714285715,0.521,0.880879563441653,0.025911109466629296,2.055,0.29000000000000026,9.0,-2.60155644449999,0.027065080999996,0.0,36.0000013
10,8,5,1.2,1.83,1.63,1.0245,0.6216666666666666,0.576875,0.8575028264290214,0.022404001447659076,1.73,0.20000000000000018,6.5,-3.0350072365,0.001298915750007,1.6075,37.9999995
1,5,6,0.82,1.6,1.7,1.5,0.677142857142857,0.562,1.0153687241324958,0.05701351061759244,1.65,0.09999999999999987,5.5,-2.629141614725,0.133338716383327,0.0,2.0
1,4,5,0.82,1.33,1.6,1.5,0.7466666666666667,0.677142857142857,0.9709763914282409,0.032919954888583576,1.465,0.27,4.5,-3.186071456725,0.075079918250001,2.243,0.0
1,8,4,0.82,1.83,1.3,1.5,0.6216666666666666,0.72,0.9902340433355911,0.047484909433810236,1.565,0.53,6.0,-2.595830415225,0.186028146124993,0.0,10.0001713
1,4,4,0.82,1.3,1.54,1.5,0.72,0.6341666666666667,0.9872544022834391,0.041323971895852095,1.42,0.24,4.0,-3.29291488855833,0.150275441749997,0.0,6.0007605
1,4,4,0.82,1.33,1.3,1.5,0.7466666666666667,0.72,0.9612232803568594,0.012499999994140497,1.315,0.030000000000000027,4.0,-3.327640105225,0.166383261137495,0.0,6.000085
1,8,6,0.82,1.83,1.7,1.5,0.6216666666666666,0.562,1.0295086593823188,0.029955652231634617,1.7650000000000001,0.13000000000000012,7.0,-1.781921515725,0.184555950999996,0.0,4.1747848
1,4,4,0.82,1.3,1.54,1.5,0.72,0.6341666666666667,0.9872544022834391,0.041323971895852095,1.42,0.24,4.0,-3.39346604005833,0.182236036249994,0.8886,6.9999997
1,5,4,0.82,1.6,1.3,1.5,0.677142857142857,0.72,0.9771455175800059,0.020422055810554635,1.4500000000000002,0.30000000000000004,4.5,-2.726267619725,0.180691646416663,0.0,0.000896
1,5,4,0.82,1.6,1.3,1.5,0.677142857142857,0.72,0.9771455175800059,0.020422055810554635,1.4500000000000002,0.30000000000000004,4.5,-2.77546616139166,0.188885555694442,0.0,4.46e-05
1,4,4,0.82,1.33,1.3,1.5,0.7466666666666667,0.72,0.9612232803568594,0.012499999994140497,1.315,0.030000000000000027,4.0,-2.87165938672499,0.172999919200016,0.802,0.0
1,9,6,0.82,1.88,1.7,1.5,0.6255555555555555,0.562,1.028504624522042,0.031876950496717994,1.79,0.17999999999999994,7.5,-2.350055765225,0.180428104250001,0.0,3.0
1,8,6,0.82,1.83,1.7,1.5,0.6216666666666666,0.562,1.0295086593823188,0.029955652231634617,1.7650000000000001,0.13000000000000012,7.0,-2.426766052225,0.1456554655,0.0,4.0000006
1,6,4,0.82,1.66,1.3,1.5,0.521,0.72,1.0149020859803728,0.09849047260653788,1.48,0.3599999999999999,5.0,-3.01300426522499,0.174731604541692,0.0,2.0000005
1,8,4,0.82,1.83,1.3,1.5,0.6216666666666666,0.72,0.9902340433355911,0.047484909433810236,1.565,0.53,6.0,-2.812907237225,0.116860939520829,0.0,4.0000007
1,5,4,0.82,1.6,1.3,1.5,0.677142857142857,0.72,0.9771455175800059,0.020422055810554635,1.4500000000000002,0.30000000000000004,4.5,-3.311095605225,0.104929074925014,0.0,0.0004458
1,4,4,0.82,1.3,1.54,1.5,0.72,0.6341666666666667,0.9872544022834391,0.041323971895852095,1.42,0.24,4.0,-3.50395311455833,0.095198121749999,2.3179,0.0
1,7,6,0.82,1.55,1.7,1.5,0.586,0.562,1.0388093539546295,0.012158054705087004,1.625,0.1499999999999999,6.5,-2.6864618590181,0.0,2.4917,9.9995313
1,7,6,0.82,1.55,1.7,1.5,0.586,0.562,1.0388093539546295,0.012158054705087004,1.625,0.1499999999999999,6.5,-2.5745978470181,0.111864011999999,1.1266,4.9999998
1,6,5,0.82,1.66,1.6,1.5,0.521,0.677142857142857,1.0257810878629048,0.0781076928183261,1.63,0.05999999999999983,5.5,-2.93873861622499,0.085636896250004,2.0549,3.0000005
1,8,5,0.82,1.83,1.6,1.5,0.6216666666666666,0.677142857142857,1.0005879281882726,0.027069416193587964,1.715,0.22999999999999998,6.5,-2.765143900225,0.087382842000003,1.71179999999999,5.0000007
1,5,10,0.82,1.6,1.91,1.5,0.677142857142857,0.5714285714285715,1.0130040686713337,0.052223006325648344,1.755,0.30999999999999983,7.5,-2.52554519322499,0.146452209416653,0.0,1.0000006
1,5,6,0.82,1.6,1.7,1.5,0.677142857142857,0.562,1.0153687241324958,0.05701351061759244,1.65,0.09999999999999987,5.5,-2.729330924225,0.195309600749997,0.4343,3.0
1,10,6,0.82,1.91,1.7,1.5,0.5714285714285715,0.562,1.042657634410258,0.0047940727803038015,1.805,0.20999999999999996,8.0,-2.409012613225,0.110722086999995,2.8449,2.0000009
1,5,4,0.82,1.6,1.54,1.5,0.677142857142857,0.6341666666666667,0.9975457468527104,0.02090632690455394,1.57,0.06000000000000005,4.5,-3.23912747155833,0.045681297916663,0.0,4.2e-05
1,5,6,0.82,1.63,1.7,1.5,0.576875,0.562,1.041215913023255,0.007552918024789847,1.665,0.07000000000000006,5.5,-2.643391949225,0.106236448125002,0.5106,2.9999995
1,6,4,0.82,1.66,1.33,1.5,0.521,0.7466666666666667,1.0082486264335238,0.11095632216129332,1.495,0.32999999999999985,5.0,-2.930011246225,0.18971068545834,0.0,2.0000004
1,8,4,0.82,1.83,1.33,1.5,0.6216666666666666,0.7466666666666667,0.9838990794459492,0.05997600956738457,1.58,0.5,6.0,-2.731194154225,0.128716203083328,0.0,4.0000004
1,4,5,0.82,1.33,1.6,1.5,0.7466666666666667,0.677142857142857,0.9709763914282409,0.032919954888583576,1.465,0.27,4.5,-3.238007250225,0.107891218662517,0.0,0.000184
1,4,4,0.82,1.33,1.54,1.5,0.7466666666666667,0.6341666666666667,0.9809573839732172,0.05381702209903104,1.435,0.20999999999999996,4.0,-3.41863078055833,0.107456922000009,2.23469999999999,0.0
1,4,5,0.82,1.33,1.63,1.5,0.7466666666666667,0.576875,0.9945866104926997,0.08235234674932636,1.48,0.2999999999999998,4.5,-3.074095344225,0.163445347531244,0.0,0.999999699999999
1,7,6,0.82,1.55,1.7,1.5,0.586,0.562,1.0388093539546295,0.012158054705087004,1.625,0.1499999999999999,6.5,-1.8991533695181,0.177534173000001,0.0,4.9886104
1,4,4,0.82,1.3,1.54,1.5,0.72,0.6341666666666667,0.9872544022834391,0.041323971895852095,1.42,0.24,4.0,-3.43645932280833,0.128941203750002,2.2033,0.0
1,4,4,0.82,1.33,1.3,1.5,0.7466666666666667,0.72,0.9612232803568594,0.012499999994140497,1.315,0.030000000000000027,4.0,-3.451703276475,0.157516181124995,2.6382,0.0
1,7,6,0.82,1.55,1.7,1.5,0.586,0.562,1.0388093539546295,0.012158054705087004,1.625,0.1499999999999999,6.5,-2.6512064642681,0.002017938999999,2.6477,9.9995739
1,8,4,0.82,1.83,1.33,1.5,0.6216666666666666,0.7466666666666667,0.9838990794459492,0.05997600956738457,1.58,0.5,6.0,-2.663656030475,0.158591453229192,0.0,4.0000006
1,4,5,0.82,1.33,1.6,1.5,0.7466666666666667,0.677142857142857,0.9709763914282409,0.032919954888583576,1.465,0.27,4.5,-3.154256782475,0.156023616787511,0.0,7.95e-05
1,4,4,0.82,1.33,1.54,1.5,0.7466666666666667,0.6341666666666667,0.9809573839732172,0.05381702209903104,1.435,0.20999999999999996,4.0,-3.34876482580833,0.140485095250024,2.1104,2.85e-05
1,10,6,0.82,1.91,1.7,1.5,0.5714285714285715,0.562,1.042657634410258,0.0047940727803038015,1.805,0.20999999999999996,8.0,-1.73030762872499,0.183483020500002,1.3429,2.0000009
1,5,6,0.82,1.63,1.7,1.5,0.576875,0.562,1.041215913023255,0.007552918024789847,1.665,0.07000000000000006,5.5,-1.985765601725,0.181008061983326,0.0,2.7230868
1,7,4,0.82,1.55,1.33,1.5,0.586,0.7466666666666667,0.9923905459296313,0.07775447649084317,1.44,0.21999999999999997,5.5,-2.2560041515181,0.157698813729165,1.1158,3.0004421
1,4,5,0.82,1.33,1.6,1.5,0.7466666666666667,0.677142857142857,0.9709763914282409,0.032919954888583576,1.465,0.27,4.5,-2.652124309725,0.191646059499999,0.0,4.4e-05
3,9,9,1.1,1.88,2.2,1.1896666666666667,0.6255555555555555,0.625,0.9041578792133225,0.00027431079399434835,2.04,0.3200000000000003,9.0,-2.5306732215,0.049378241692314,0.616,7.8834963
3,9,10,1.1,1.88,1.91,1.1896666666666667,0.6255555555555555,0.5714285714285715,0.9162762734044398,0.027083912460138252,1.895,0.030000000000000027,9.5,-2.572758715,0.0,0.997199999999999,2.99835519999999
3,9,10,1.1,1.88,1.91,1.1896666666666667,0.6255555555555555,0.5714285714285715,0.9162762734044398,0.027083912460138252,1.895,0.030000000000000027,9.5,-2.53207557849999,0.0406831365,0.039,6.0130982
3,9,8,1.1,1.88,2.2,1.1896666666666667,0.6255555555555555,0.521,0.9279843319468006,0.05298572592264028,2.04,0.3200000000000003,8.5,-2.647642955,0.0,0.0,2.0001214
3,6,8,1.1,1.66,1.83,1.1896666666666667,0.521,0.6216666666666666,0.9288996586181593,0.05106526882766389,1.745,0.17000000000000015,7.0,-3.01985942249999,0.004915151750001,0.3097,15.9996153
3,6,6,1.1,1.66,2.16,1.1896666666666667,0.521,0.58,0.9388212562670677,0.03024865417572495,1.9100000000000001,0.5000000000000002,6.0,-3.006532805,0.031685538249998,0.0,0.000219099999999
3,9,8,1.1,1.88,1.83,1.1896666666666667,0.6255555555555555,0.6216666666666666,0.9049025528266903,0.0019217570340538453,1.855,0.04999999999999982,8.5,-2.69981866,0.026607310999999,0.0,13.9983729
3,8,10,1.1,1.83,1.91,1.1896666666666667,0.6216666666666666,0.5714285714285715,0.9171686379500029,0.025162482844710087,1.87,0.07999999999999985,9.0,-2.662331269,0.000323995249999,0.0,12.0033732
3,4,10,1.1,1.3,1.91,1.1896666666666667,0.72,0.5714285714285715,0.8951254205767242,0.07262569828852096,1.605,0.6099999999999999,7.0,-3.24780299799999,0.187993649374995,2.04339999999999,1.9991191
3,9,7,1.1,1.88,1.55,1.1896666666666667,0.6255555555555555,0.586,0.9129480247786892,0.019720806548998167,1.7149999999999999,0.32999999999999985,8.0,-3.2242439782931,0.0,0.0,0.080058499999999
3,6,7,1.1,1.66,1.55,1.1896666666666667,0.521,0.586,0.937379503634469,0.03327361144956557,1.605,0.10999999999999988,6.5,-3.0808412422931,0.085102830261913,0.762399999999999,0.0004551
3,6,7,1.1,1.66,1.55,1.1896666666666667,0.521,0.586,0.937379503634469,0.03327361144956557,1.605,0.10999999999999988,6.5,-3.0835154882931,0.082428584261911,0.9733,14.0021624
3,10,7,1.1,1.91,1.55,1.1896666666666667,0.5714285714285715,0.586,0.9254346994808077,0.007364089231712441,1.73,0.3599999999999999,8.5,-2.7739587797931,0.097283240666651,1.27969999999999,4.9934596
3,10,7,1.1,1.91,1.55,1.1896666666666667,0.5714285714285715,0.586,0.9254346994808077,0.007364089231712441,1.73,0.3599999999999999,8.5,-2.8285053492931,0.04273667116665,0.0,9.9998687
3,10,7,1.1,1.91,1.55,1.1896666666666667,0.5714285714285715,0.586,0.9254346994808077,0.007364089231712441,1.73,0.3599999999999999,8.5,-2.8235890007931,0.047653019666652,1.58049999999999,5.0000052
3,9,7,1.1,2.28,1.55,1.1896666666666667,0.605,0.586,0.9176501430037013,0.009521423197433578,1.915,0.7299999999999998,8.0,-2.7626428297931,0.113879322616666,0.377699999999999,0.0027654
3,7,8,1.1,1.55,2.2,1.1896666666666667,0.586,0.521,0.937379503634469,0.03327361144956557,1.875,0.6500000000000001,7.5,-2.7770962212931,0.125961894916656,0.0,9.9909971
3,7,5,1.1,1.55,1.63,1.1896666666666667,0.586,0.576875,0.9241628163185974,0.004605242403757164,1.5899999999999999,0.07999999999999985,6.0,-3.1588377562931,0.048445869511915,0.0,11.9999606
3,6,5,1.1,1.66,1.6,1.1896666666666667,0.521,0.677142857142857,0.9160107208743571,0.0781076928183261,1.63,0.05999999999999983,5.5,-3.13233857599999,0.189042763333343,0.0,2.9978981
3,5,10,1.1,1.6,1.91,1.1896666666666667,0.677142857142857,0.5714285714285715,0.9046009895985738,0.052223006325648344,1.755,0.30999999999999983,7.5,-3.065186532,0.172080328124994,0.207600000000001,5.9999881
3,10,9,1.1,1.91,2.2,1.1896666666666667,0.5714285714285715,0.625,0.9164036477249952,0.02680965146111393,2.055,0.29000000000000026,9.5,-2.56405686849999,0.005245425442313,0.0,3.9457098
3,10,9,1.1,1.91,2.28,1.1896666666666667,0.5714285714285715,0.605,0.9210128271981718,0.016885216445611785,2.0949999999999998,0.3699999999999999,9.5,-2.5721824465,0.0,0.0,4.0075536
3,10,8,1.1,1.91,2.2,1.1896666666666667,0.5714285714285715,0.521,0.9408886132368462,0.025911109466629296,2.055,0.29000000000000026,9.0,-2.633363193,0.0,0.0,8.001357
3,10,7,1.1,1.91,2.1,1.1896666666666667,0.5714285714285715,0.54375,0.9354213745010161,0.014139110597110358,2.005,0.19000000000000017,8.5,-2.65439598349999,0.092194945999999,0.0,5.0011018
3,9,4,1.1,1.88,1.54,1.1896666666666667,0.6255555555555555,0.6341666666666667,0.9021163321723615,0.004242216898354851,1.71,0.33999999999999986,6.5,-3.14011676933333,0.197792988499998,0.0,2.9973855
3,9,4,1.1,1.88,1.54,1.1896666666666667,0.6255555555555555,0.6341666666666667,0.9021163321723615,0.004242216898354851,1.71,0.33999999999999986,6.5,-3.32411093058333,0.013798827249997,0.5484,0.000412
3,6,4,1.1,1.66,1.54,1.1896666666666667,0.521,0.6341666666666667,0.9259639427034715,0.05722472712120457,1.6,0.11999999999999988,5.0,-3.39341390333333,0.087445193166676,0.0,2.0004393
3,6,4,1.1,1.66,1.54,1.1896666666666667,0.521,0.6341666666666667,0.9259639427034715,0.05722472712120457,1.6,0.11999999999999988,5.0,-3.39983510483333,0.081023991666674,0.0,3.9403679
3,6,4,1.1,1.66,1.54,1.1896666666666667,0.521,0.6341666666666667,0.9259639427034715,0.05722472712120457,1.6,0.11999999999999988,5.0,-3.39994005683333,0.080919039666675,0.0,4.0166242
3,6,4,1.1,1.66,1.54,1.1896666666666667,0.521,0.6341666666666667,0.9259639427034715,0.05722472712120457,1.6,0.11999999999999988,5.0,-3.40100869283333,0.079850403666673,0.0,1.99918519999999
3,6,4,1.1,1.66,1.54,1.1896666666666667,0.521,0.6341666666666667,0.9259639427034715,0.05722472712120457,1.6,0.11999999999999988,5.0,-3.39982075883333,0.081038337666674,0.0,1.9953911
3,4,7,1.1,1.54,1.55,1.1896666666666667,0.6341666666666667,0.586,0.9109925096149879,0.02396252227156638,1.545,0.010000000000000009,5.5,-3.46575808087643,0.024299401000009,2.21319999999999,0.0
3,10,4,1.1,1.91,1.54,1.1896666666666667,0.5714285714285715,0.6341666666666667,0.9143064895578507,0.031325229573921434,1.725,0.3699999999999999,7.0,-3.22316693233333,0.103993656250001,0.0,2.0000001
3,10,4,1.1,1.91,1.54,1.1896666666666667,0.5714285714285715,0.6341666666666667,0.9143064895578507,0.031325229573921434,1.725,0.3699999999999999,7.0,-3.31612818233333,0.011032406249999,2.8034,8e-07
3,8,5,1.1,1.83,1.63,1.1896666666666667,0.6216666666666666,0.576875,0.9159193591155657,0.022404001447659076,1.73,0.20000000000000018,6.5,-3.063804908,0.0023092195,0.0,5.9998146
3,8,5,1.1,1.83,1.63,1.1896666666666667,0.6216666666666666,0.576875,0.9159193591155657,0.022404001447659076,1.73,0.20000000000000018,6.5,-3.0448018315,0.021312296000001,0.1083,6.0006724
3,6,9,1.1,1.66,1.88,1.1896666666666667,0.521,0.6255555555555555,0.9279843319468006,0.05298572592264028,1.77,0.21999999999999997,7.5,-2.03996887444444,0.172566893333333,0.938699999999999,8.0003077
3,7,6,1.1,1.9,1.66,1.1896666666666667,0.534,0.521,0.9500237926542123,0.0067444876748407965,1.7799999999999998,0.24,6.5,-2.61421939972222,0.11034423805553,0.0,2.0001823
3,6,6,1.1,1.66,1.7,1.1896666666666667,0.521,0.562,0.9431732476671842,0.021117692494917566,1.68,0.040000000000000036,6.0,-2.72135819999999,0.082807812222123,0.7814,8.7e-06
3,8,6,1.1,1.83,2.16,1.1896666666666667,0.6216666666666666,0.58,0.9152040951431647,0.020824656382761444,1.995,0.33000000000000007,7.0,-2.40167156,0.120356490601849,1.4188,10.0038912
3,7,8,1.1,1.9,1.83,1.1896666666666667,0.534,0.6216666666666666,0.9258468999872367,0.044324597601251514,1.865,0.06999999999999984,7.5,-2.42707637916666,0.106544180555571,0.0,7.9994968
3,8,6,1.1,1.83,1.7,1.1896666666666667,0.6216666666666666,0.562,0.9193393993955442,0.029955652231634617,1.7650000000000001,0.13000000000000012,7.0,-2.53264507833333,0.079952433124997,1.7784,1e-06
3,6,6,1.1,1.66,2.16,1.1896666666666667,0.521,0.58,0.9388212562670677,0.03024865417572495,1.9100000000000001,0.5000000000000002,6.0,-2.7262710545,0.089203731874995,1.3459,4.0146874
3,6,6,1.1,1.66,2.16,1.1896666666666667,0.521,0.58,0.9388212562670677,0.03024865417572495,1.9100000000000001,0.5000000000000002,6.0,-2.693245065,0.122229721374997,1.343,5.0069312
3,6,6,1.1,1.66,1.7,1.1896666666666667,0.521,0.562,0.9431732476671842,0.021117692494917566,1.68,0.040000000000000036,6.0,-2.7056849155,0.159615520000006,0.0,10.0015665
3,6,6,1.1,1.66,1.7,1.1896666666666667,0.521,0.562,0.9431732476671842,0.021117692494917566,1.68,0.040000000000000036,6.0,-2.69270640899999,0.172594026500005,2.16209999999999,5.0434925
3,8,10,1.1,1.83,1.91,1.1896666666666667,0.6216666666666666,0.5714285714285715,0.9171686379500029,0.025162482844710087,1.87,0.07999999999999985,9.0,-2.190779936,0.106999321499999,0.0,10.0066487
3,8,10,1.1,1.83,1.91,1.1896666666666667,0.6216666666666666,0.5714285714285715,0.9171686379500029,0.025162482844710087,1.87,0.07999999999999985,9.0,-2.187749787,0.110029470499998,0.0,9.9962345
3,8,6,1.1,1.83,1.7,1.1896666666666667,0.6216666666666666,0.562,0.9193393993955442,0.029955652231634617,1.7650000000000001,0.13000000000000012,7.0,-2.62237105749999,0.087860406499991,2.52659999999999,2.04e-05
3,8,7,1.1,1.83,1.55,1.1896666666666667,0.6216666666666666,0.586,0.9138339151791988,0.01779921815630085,1.69,0.28,7.5,-2.5313620427931,0.17471173961667,1.41239999999999,3.7e-06
3,8,5,1.1,1.83,1.5,1.1896666666666667,0.6216666666666666,0.6940000000000001,0.8898538237872557,0.035150238907353915,1.665,0.33000000000000007,6.5,-3.04929532073333,0.088683347749995,3.12109999999999,1.52e-05
3,8,4,1.1,1.83,1.54,1.1896666666666667,0.6216666666666666,0.6341666666666667,0.9029813159848407,0.006163961369469266,1.685,0.29000000000000004,6.0,-3.02823223858333,0.114559864875008,2.5232,2.1e-06
3,6,5,1.1,1.66,1.63,1.1896666666666667,0.521,0.576875,0.9395739269978557,0.02866946732326237,1.645,0.030000000000000027,5.5,-2.89061283449999,0.120531496749991,1.3575,4.0018111
3,8,5,1.1,1.83,1.63,1.1896666666666667,0.6216666666666666,0.576875,0.9159193591155657,0.022404001447659076,1.73,0.20000000000000018,6.5,-2.7013500875,0.14742966274999,1.55319999999999,8.0097336
3,6,5,1.1,1.66,1.5,1.1896666666666667,0.521,0.6940000000000001,0.9121648121383634,0.08617683681884095,1.58,0.15999999999999992,5.5,-3.02457025692592,0.133219060277772,0.1808,1.9998866
3,8,5,1.1,1.83,1.5,1.1896666666666667,0.6216666666666666,0.6940000000000001,0.8898538237872557,0.035150238907353915,1.665,0.33000000000000007,6.5,-2.78624278025925,0.163171625555545,0.0,8.0003805
3,4,5,1.1,1.54,1.5,1.1896666666666667,0.6341666666666667,0.6940000000000001,0.8871593655224413,0.028987847698822882,1.52,0.040000000000000036,4.5,-3.64400492785185,0.009943010277797,3.3911,0.0002459
3,4,5,1.1,1.54,1.5,1.1896666666666667,0.6341666666666667,0.6940000000000001,0.8871593655224413,0.028987847698822882,1.52,0.040000000000000036,4.5,-3.65394793812965,0.0,2.91879999999999,0.0
3,6,4,1.1,1.66,1.54,1.1896666666666667,0.521,0.6341666666666667,0.9259639427034715,0.05722472712120457,1.6,0.11999999999999988,5.0,-2.85131926759259,0.171316580000002,0.1022,1.99880479999999
3,5,4,1.1,1.6,1.54,1.1896666666666667,0.677142857142857,0.6341666666666667,0.890796885896403,0.02090632690455394,1.57,0.06000000000000005,4.5,-3.51885273148148,0.022627625277781,0.000399999999999,1.09e-05
3,5,4,1.1,1.6,1.54,1.1896666666666667,0.677142857142857,0.6341666666666667,0.890796885896403,0.02090632690455394,1.57,0.06000000000000005,4.5,-3.52881241453703,0.012667942222226,2.7987,0.0021154
1,8,6,0.93,1.83,1.7,1.1342857142857143,0.6216666666666666,0.562,0.89967899593312,0.029955652231634617,1.7650000000000001,0.13000000000000012,7.0,-2.56948731613793,0.0,2.2965,8.0002479
1,5,4,0.93,1.6,1.3,1.1342857142857143,0.677142857142857,0.72,0.8539192848211481,0.020422055810554635,1.4500000000000002,0.30000000000000004,4.5,-3.28701834663793,0.151982040000001,0.0,0.0029676
1,4,4,0.93,1.3,1.54,1.1342857142857143,0.72,0.6341666666666667,0.8627533545077936,0.041323971895852095,1.42,0.24,4.0,-3.49507909797126,0.092964898599978,2.35929999999999,0.0
1,4,4,0.93,1.33,1.3,1.1342857142857143,0.7466666666666667,0.72,0.8400049750507728,0.012499999994140497,1.315,0.030000000000000027,4.0,-3.49998471163793,0.15511664025,2.4644,0.0
1,7,6,0.93,1.55,1.7,1.1342857142857143,0.586,0.562,0.9078067950322724,0.012158054705087004,1.625,0.1499999999999999,6.5,-2.55153203343103,0.1311393405,1.01879999999999,5.0000006
1,7,6,0.93,1.55,1.7,1.1342857142857143,0.586,0.562,0.9078067950322724,0.012158054705087004,1.625,0.1499999999999999,6.5,-2.68267137393103,0.0,2.0322,9.9995231
1,10,6,0.93,1.91,1.7,1.1342857142857143,0.5714285714285715,0.562,0.9111697750954668,0.0047940727803038015,1.805,0.20999999999999996,8.0,-2.49192507713793,0.013306377500001,3.3392,12.0010282
1,5,6,0.93,1.63,1.7,1.1342857142857143,0.576875,0.562,0.9099098668488939,0.007552918024789847,1.665,0.07000000000000006,5.5,-2.62942777563793,0.108316568791662,0.4148,3.0000003
1,8,4,0.93,1.83,1.33,1.1342857142857143,0.6216666666666666,0.7466666666666667,0.8598211659788739,0.05997600956738457,1.58,0.5,6.0,-2.72139175963793,0.14789183725,0.0,4.0000008
1,4,5,0.93,1.33,1.6,1.1342857142857143,0.7466666666666667,0.677142857142857,0.8485281371397534,0.032919954888583576,1.465,0.27,4.5,-3.20976054063793,0.156176312249999,0.0,0.000824
1,4,4,0.93,1.33,1.54,1.1342857142857143,0.7466666666666667,0.6341666666666667,0.8572504429401415,0.05381702209903104,1.435,0.20999999999999996,4.0,-3.40461189797126,0.113828297234377,2.2686,0.0
1,4,5,0.93,1.33,1.63,1.1342857142857143,0.7466666666666667,0.576875,0.8691609098591375,0.08235234674932636,1.48,0.2999999999999998,4.5,-3.06435947763793,0.168517876750003,0.0,0.999999899999999
1,7,6,0.93,1.55,1.7,1.1342857142857143,0.586,0.562,0.9078067950322724,0.012158054705087004,1.625,0.1499999999999999,6.5,-1.87707815393103,0.185106142999999,0.0,4.9772613
1,5,6,0.93,1.6,1.7,1.1342857142857143,0.677142857142857,0.562,0.8873222249315506,0.05701351061759244,1.65,0.09999999999999987,5.5,-2.20325161280459,0.175926584874998,0.0,0.9377839
1,9,6,0.93,1.88,1.7,1.1342857142857143,0.6255555555555555,0.562,0.8988015782768979,0.031876950496717994,1.79,0.17999999999999994,7.5,-2.48992279138793,0.0,2.4461,6.0000994
1,8,6,0.93,1.83,1.7,1.1342857142857143,0.6216666666666666,0.562,0.89967899593312,0.029955652231634617,1.7650000000000001,0.13000000000000012,7.0,-2.54806608438793,0.0,2.4171,7.9999448
1,5,4,0.93,1.6,1.3,1.1342857142857143,0.677142857142857,0.72,0.8539192848211481,0.020422055810554635,1.4500000000000002,0.30000000000000004,4.5,-3.20703407288793,0.198215603999996,0.0,0.0009262
1,4,4,0.93,1.3,1.54,1.1342857142857143,0.72,0.6341666666666667,0.8627533545077936,0.041323971895852095,1.42,0.24,4.0,-3.42983831022126,0.125430120468749,2.2438,0.0
1,7,6,0.93,1.55,1.7,1.1342857142857143,0.586,0.562,0.9078067950322724,0.012158054705087004,1.625,0.1499999999999999,6.5,-2.47873232168103,0.178444130499999,1.043,5.0000007
1,7,6,0.93,1.55,1.7,1.1342857142857143,0.586,0.562,0.9078067950322724,0.012158054705087004,1.625,0.1499999999999999,6.5,-2.65717645218103,0.0,2.2832,10.0001909
1,5,4,0.93,1.6,1.3,1.1342857142857143,0.677142857142857,0.72,0.8539192848211481,0.020422055810554635,1.4500000000000002,0.30000000000000004,4.5,-3.24540227513793,0.087478138999999,2.40999999999999,0.0
1,4,6,0.93,1.3,1.7,1.1342857142857143,0.72,0.562,0.8780061800170396,0.07741303278911667,1.5,0.3999999999999999,5.0,-2.87953496413793,0.128653675166665,0.0,1.0
1,5,6,0.93,1.6,1.7,1.1342857142857143,0.677142857142857,0.562,0.8873222249315506,0.05701351061759244,1.65,0.09999999999999987,5.5,-2.61067757513793,0.144257519416669,0.0,2.0
1,5,4,0.93,1.5,1.54,1.1342857142857143,0.6940000000000001,0.6341666666666667,0.8681871436497496,0.028987847698822882,1.52,0.040000000000000036,4.5,-3.29707809370459,0.012461632999999,2.5592,5.31e-05
1,4,5,0.93,1.33,1.6,1.1342857142857143,0.7466666666666667,0.677142857142857,0.8485281371397534,0.032919954888583576,1.465,0.27,4.5,-3.15940908413793,0.098089833249998,2.284,8.73e-05
1,4,6,0.93,1.33,1.7,1.1342857142857143,0.7466666666666667,0.562,0.872307616462181,0.08989128666726039,1.5150000000000001,0.3699999999999999,5.0,-2.80199522613793,0.144335427416665,0.0,1.0005247
1,8,4,0.93,1.83,1.3,1.1342857142857143,0.6216666666666666,0.72,0.8653572378706101,0.047484909433810236,1.565,0.53,6.0,-2.59373689263793,0.192649332000002,0.0,10.0000104
1,5,4,0.93,1.6,1.3,1.1342857142857143,0.677142857142857,0.72,0.8539192848211481,0.020422055810554635,1.4500000000000002,0.30000000000000004,4.5,-3.27823663363793,0.015002965375003,0.0038,6.9999966
1,4,4,0.93,1.3,1.54,1.1342857142857143,0.72,0.6341666666666667,0.8627533545077936,0.041323971895852095,1.42,0.24,4.0,-3.28482075797126,0.147262332599975,0.0,6.0080204
1,4,6,0.93,1.3,1.7,1.1342857142857143,0.72,0.562,0.8780061800170396,0.07741303278911667,1.5,0.3999999999999999,5.0,-2.90994488063793,0.085468073201093,0.0,8.000003
1,5,6,0.93,1.6,1.7,1.1342857142857143,0.677142857142857,0.562,0.8873222249315506,0.05701351061759244,1.65,0.09999999999999987,5.5,-2.64287374563793,0.099080744374996,0.0,5.0353801
1,4,4,0.93,1.33,1.54,1.1342857142857143,0.7466666666666667,0.6341666666666667,0.8572504429401415,0.05381702209903104,1.435,0.20999999999999996,4.0,-3.19584752297126,0.174377581849975,0.0,6.000604
1,4,6,0.93,1.33,1.7,1.1342857142857143,0.7466666666666667,0.562,0.872307616462181,0.08989128666726039,1.5150000000000001,0.3699999999999999,5.0,-2.83494627163793,0.098608696451094,0.0,8.0000001
6,9,10,1.14,1.88,1.91,1.1941666666666668,0.6255555555555555,0.5714285714285715,0.9178684641228027,0.027083912460138252,1.895,0.030000000000000027,9.5,-2.52033343299999,0.0,0.0,5.9937012
6,9,8,1.14,1.88,2.2,1.1941666666666668,0.6255555555555555,0.521,0.929596867470199,0.05298572592264028,2.04,0.3200000000000003,8.5,-2.4887151305,0.093750720833332,0.0,2.74530359999999
6,8,10,1.14,1.83,1.91,1.1941666666666668,0.6216666666666666,0.5714285714285715,0.9187623793082634,0.025162482844710087,1.87,0.07999999999999985,9.0,-2.61360871349999,0.0,0.0,12.0000017
6,9,7,1.14,1.88,1.55,1.1941666666666668,0.6255555555555555,0.586,0.9145344320813682,0.019720806548998167,1.7149999999999999,0.32999999999999985,8.0,-2.7947132312931,0.0,0.0,12.0001854
6,6,7,1.14,1.66,1.55,1.1941666666666668,0.521,0.586,0.939008364916367,0.03327361144956557,1.605,0.10999999999999988,6.5,-3.0321819742931,0.020478805750002,0.7902,14.0024192
6,8,7,1.14,1.83,1.55,1.1941666666666668,0.6216666666666666,0.586,0.915421861871813,0.01779921815630085,1.69,0.28,7.5,-2.8588922647931,0.011050126500014,0.650299999999999,18.0000001
6,7,10,1.14,1.55,1.91,1.1941666666666668,0.586,0.5714285714285715,0.9270428045706509,0.007364089231712441,1.73,0.3599999999999999,8.5,-2.7804042532931,0.0,1.45719999999999,10.0004377
6,7,9,1.14,1.55,2.28,1.1941666666666668,0.586,0.605,0.9192447210614373,0.009521423197433578,1.915,0.7299999999999998,8.0,-2.7123887092931,0.016931908749997,0.4194,8.000931
6,10,8,1.14,1.91,2.2,1.1941666666666668,0.5714285714285715,0.521,0.9425235722120938,0.025911109466629296,2.055,0.29000000000000026,9.0,-2.57957283449999,0.0,0.0,7.993881
6,8,5,1.14,1.83,1.63,1.1941666666666668,0.6216666666666666,0.576875,0.9175109296327572,0.022404001447659076,1.73,0.20000000000000018,6.5,-3.0063176375,0.0,0.7975,13.9999947
6,6,4,1.14,1.66,1.3,1.1941666666666668,0.521,0.72,0.907870745303707,0.09849047260653788,1.48,0.3599999999999999,5.0,-3.31863520425,0.12653587758333,0.0215,10.0000783
6,4,4,1.14,1.3,1.54,1.1941666666666668,0.72,0.6341666666666667,0.8831387799736626,0.041323971895852095,1.42,0.24,4.0,-3.54531271558333,0.145041442583353,0.0,6.6793737
6,8,7,1.14,1.83,1.55,1.1941666666666668,0.6216666666666666,0.586,0.915421861871813,0.01779921815630085,1.69,0.28,7.5,-2.5872780500431,0.182527333499997,0.0,14.9997362
6,4,4,1.14,1.33,1.54,1.1941666666666668,0.7466666666666667,0.6341666666666667,0.8775058437668464,0.05381702209903104,1.435,0.20999999999999996,4.0,-3.46274270758333,0.161819238999994,0.0,6.844615
6,8,7,1.14,1.83,1.55,1.1941666666666668,0.6216666666666666,0.586,0.915421861871813,0.01779921815630085,1.69,0.28,7.5,-2.1239881790431,0.194955868999996,0.057,18.0011491
6,8,7,1.14,1.83,1.55,1.1941666666666668,0.6216666666666666,0.586,0.915421861871813,0.01779921815630085,1.69,0.28,7.5,-2.2582360740431,0.060707973999997,0.8844,14.0039473
6,5,4,1.14,1.5,1.54,1.1941666666666668,0.6940000000000001,0.6341666666666667,0.8887009605069378,0.028987847698822882,1.52,0.040000000000000036,4.5,-3.62643061562963,0.0,3.0457,0.001756199999999
1,7,6,0.82,1.55,1.7,1.6525,0.586,0.562,1.093436397567761,0.012158054705087004,1.625,0.1499999999999999,6.5,-2.6569097015431,0.023629530776307,1.6904,0.0
1,7,6,0.82,1.55,1.7,1.6525,0.586,0.562,1.093436397567761,0.012158054705087004,1.625,0.1499999999999999,6.5,-2.6242573972931,0.026298901999998,2.6501,10.0007858
4,5,4,1.54,1.6,1.54,0.6341666666666667,0.677142857142857,0.6341666666666667,0.6997152781803063,0.02090632690455394,1.57,0.06000000000000005,4.5,-2.84598423814814,0.004120943888883,2.3865,2.2e-06
3,9,7,1.22,1.88,1.55,0.9884999999999999,0.6255555555555555,0.586,0.8420297427663401,0.019720806548998167,1.7149999999999999,0.32999999999999985,8.0,-2.8346194587931,0.0,0.0,11.9955027
3,7,10,1.22,1.55,1.91,0.9884999999999999,0.586,0.5714285714285715,0.8535464460200447,0.007364089231712441,1.73,0.3599999999999999,8.5,-2.8229455417931,0.0,0.0,9.999928
3,6,3,1.22,1.66,1.22,0.9884999999999999,0.521,0.9884999999999999,0.7838146171527219,0.21696252455414192,1.44,0.43999999999999995,4.5,-2.66069565349999,0.118104556249987,1.68739999999999,35.9993487
3,6,3,1.22,1.66,1.22,0.9884999999999999,0.521,0.9884999999999999,0.7838146171527219,0.21696252455414192,1.44,0.43999999999999995,4.5,-2.53086693018518,0.0,2.6946,5.9994493
16,9,7,,1.88,1.55,1.0085714285714287,0.6255555555555555,0.586,0.849105622957654,0.019720806548998167,1.7149999999999999,0.32999999999999985,8.0,-2.91072361119827,0.0,0.0,7.9999996
16,5,4,,1.5,1.54,1.0085714285714287,0.6940000000000001,0.6341666666666667,0.8251203631304834,0.028987847698822882,1.52,0.040000000000000036,4.5,-3.51277001266666,0.0,0.0,0.0
