Val_A,Val_B,Val_Bprime,EN_A,EN_B,EN_Bprime,Shannon_A,Shannon_B,Shannon_Bprime,Tolerance_Factor,Octahedral_Mismatch,Formation Energy (eV/atom),Space Group
2,9,6,0.89,1.88,2.16,1.4742857142857142,0.6255555555555555,0.58,1.0148040094476147,0.022746185841624657,-2.463285518,Fm-3m
2,9,6,0.89,1.88,2.16,1.4742857142857142,0.6255555555555555,0.58,1.0148040094476147,0.022746185841624657,-2.454069767,I4/mmm
2,7,9,0.89,1.9,1.88,1.4742857142857142,0.534,0.6255555555555555,1.0265934599965334,0.04624536982735392,-2.4478527995,R-3m
2,9,8,0.89,1.88,2.2,1.4742857142857142,0.6255555555555555,0.521,1.0299750708182498,0.05298572592264028,-2.09980503266666,P3m1
2,9,6,0.89,1.88,1.7,1.4742857142857142,0.6255555555555555,0.562,1.0193848790829303,0.031876950496717994,-2.565399248,I4/mmm
2,9,6,0.89,1.88,1.7,1.4742857142857142,0.6255555555555555,0.562,1.0193848790829303,0.031876950496717994,-2.5761506235,R-3m
2,6,6,0.89,1.66,2.16,1.4742857142857142,0.521,0.58,1.0420030345563909,0.03024865417572495,-2.66020709599999,I4/mmm
2,8,6,0.89,1.83,2.16,1.4742857142857142,0.6216666666666666,0.58,1.0157902135380803,0.020824656382761444,-2.500273185,C2/m
2,8,6,0.89,1.83,2.16,1.4742857142857142,0.6216666666666666,0.58,1.0157902135380803,0.020824656382761444,-2.50098259249999,C2
2,8,6,0.89,1.83,2.16,1.4742857142857142,0.6216666666666666,0.58,1.0157902135380803,0.020824656382761444,-2.501110608,C2
2,8,6,0.89,1.83,2.16,1.4742857142857142,0.6216666666666666,0.58,1.0157902135380803,0.020824656382761444,-2.497820122,C2/m
2,7,8,0.89,1.9,1.83,1.4742857142857142,0.534,0.6216666666666666,1.0276027229691191,0.044324597601251514,-2.48591545325,Fm-3m
2,8,6,0.89,1.83,1.7,1.4742857142857142,0.6216666666666666,0.562,1.020380011171047,0.029955652231634617,-2.639823302,P-1
2,8,6,0.89,1.83,1.7,1.4742857142857142,0.6216666666666666,0.562,1.020380011171047,0.029955652231634617,-2.6401709015,I4/mmm
2,8,6,0.89,1.83,2.16,1.4742857142857142,0.6216666666666666,0.58,1.0157902135380803,0.020824656382761444,-2.38106267772727,P1
2,7,6,0.89,1.55,2.16,1.4742857142857142,0.586,0.58,1.0249253247172547,0.003025718606643502,-2.6296567122931,Fm-3m
2,5,7,0.89,1.6,1.55,1.4742857142857142,0.677142857142857,0.586,1.0004210978497645,0.04486323041178241,-2.9407101537931,Fm-3m
2,5,7,0.89,1.6,1.55,1.4742857142857142,0.677142857142857,0.586,1.0004210978497645,0.04486323041178241,-2.9635321102931,Pnma
2,5,7,0.89,1.6,1.55,1.4742857142857142,0.677142857142857,0.586,1.0004210978497645,0.04486323041178241,-2.9629106410431,P-1
2,5,7,0.89,1.6,1.55,1.4742857142857142,0.677142857142857,0.586,1.0004210978497645,0.04486323041178241,-2.9515829482931,Imma
2,5,7,0.89,1.6,1.55,1.4742857142857142,0.677142857142857,0.586,1.0004210978497645,0.04486323041178241,-2.9617253507931,I4/mmm
2,7,7,0.89,1.9,1.55,1.4742857142857142,0.534,0.586,1.0369525096458223,0.02653061223136184,-2.6378569690431,Fm-3m
2,7,8,0.89,1.55,2.2,1.4742857142857142,0.586,0.521,1.0404028251361004,0.03327361144956557,-2.3171343647931,C2/m
2,7,6,0.89,1.55,1.7,1.4742857142857142,0.586,0.562,1.0295982365304013,0.012158054705087004,-2.7469805557931,Fm-3m
2,9,5,0.89,1.88,1.6,1.4742857142857142,0.6255555555555555,0.677142857142857,0.9907756868737044,0.025147986214382058,-2.710650131,Fm-3m
2,6,5,0.89,1.66,1.6,1.4742857142857142,0.521,0.677142857142857,1.016685492009933,0.0781076928183261,-3.05619982500001,P6_3/mmc
2,8,5,0.89,1.83,1.6,1.4742857142857142,0.6216666666666666,0.677142857142857,0.9917157199580316,0.027069416193587964,-2.89555372049999,Fm-3m
2,8,5,0.89,1.83,1.6,1.4742857142857142,0.6216666666666666,0.677142857142857,0.9917157199580316,0.027069416193587964,-2.87741168466666,P-3m1
2,8,5,0.89,1.83,1.6,1.4742857142857142,0.6216666666666666,0.677142857142857,0.9917157199580316,0.027069416193587964,-2.873255236,P6_3/mmc
2,5,9,0.89,1.6,2.28,1.4742857142857142,0.677142857142857,0.605,0.9957647196881575,0.0353455817849575,-2.733223787,Fm-3m
2,5,5,0.89,1.6,1.63,1.4742857142857142,0.677142857142857,0.576875,1.0026728991087577,0.04946591782605353,-3.119411723,C2/m
2,5,5,0.89,1.6,1.63,1.4742857142857142,0.677142857142857,0.576875,1.0026728991087577,0.04946591782605353,-3.094641198,P-1
2,10,6,0.89,1.91,2.16,1.4742857142857142,0.5714285714285715,0.58,1.0287048758048811,0.004338394791730325,-2.44925213,Fm-3m
2,10,8,0.89,1.91,2.2,1.4742857142857142,0.5714285714285715,0.521,1.0442976057771003,0.025911109466629296,-2.068848193,P6_3/mmc
2,10,6,0.89,1.91,1.7,1.4742857142857142,0.5714285714285715,0.562,1.0334123943021867,0.0047940727803038015,-2.56365896249999,Fm-3m
2,8,6,0.89,1.83,1.7,1.4742857142857142,0.6216666666666666,0.562,1.020380011171047,0.029955652231634617,-2.498643676,F-43m
2,5,4,0.89,1.6,1.3,1.4742857142857142,0.677142857142857,0.72,0.9684811730891487,0.020422055810554635,-3.38067126699999,F-43m
2,4,6,0.89,1.3,1.7,1.4742857142857142,0.72,0.562,0.9957995683169579,0.07741303278911667,-3.056130819,F-43m
2,4,4,0.89,1.33,1.3,1.4742857142857142,0.7466666666666667,0.72,0.9527001182650252,0.012499999994140497,-3.635092758,F-43m
2,7,6,0.89,1.55,1.7,1.4742857142857142,0.586,0.562,1.0295982365304013,0.012158054705087004,-2.6703698287931,F-43m
2,5,6,0.89,1.6,1.7,1.4742857142857142,0.677142857142857,0.562,1.0063654546574294,0.05701351061759244,-2.81802165,F-43m
2,4,5,0.89,1.33,1.6,1.4742857142857142,0.7466666666666667,0.677142857142857,0.9623667485485815,0.032919954888583576,-3.313915328,F-43m
2,4,6,0.89,1.33,1.7,1.4742857142857142,0.7466666666666667,0.562,0.9893364849616167,0.08989128666726039,-2.979708477,F-43m
2,6,6,0.89,1.66,1.7,1.4742857142857142,0.521,0.562,1.0468333344830414,0.021117692494917566,-2.23342298566666,F-43m
2,5,4,0.89,1.6,1.3,1.4742857142857142,0.677142857142857,0.72,0.9684811730891487,0.020422055810554635,-3.4130699325,F-43m
2,4,4,0.89,1.33,1.3,1.4742857142857142,0.7466666666666667,0.72,0.9527001182650252,0.012499999994140497,-3.6694066805,F-43m
2,4,5,0.89,1.33,1.6,1.4742857142857142,0.7466666666666667,0.677142857142857,0.9623667485485815,0.032919954888583576,-3.3493691235,F-43m
2,6,8,0.89,1.66,1.83,1.4742857142857142,0.521,0.6216666666666666,1.0309909970798246,0.05106526882766389,-5.153567591,F-43m
2,5,4,0.89,1.6,1.3,1.4742857142857142,0.677142857142857,0.72,0.9684811730891487,0.020422055810554635,-3.06633499966666,F-43m
2,4,4,0.89,1.3,1.54,1.4742857142857142,0.72,0.6341666666666667,0.978500422361714,0.041323971895852095,-3.104368333,F-43m
2,8,6,0.89,1.83,1.7,1.4742857142857142,0.6216666666666666,0.562,1.020380011171047,0.029955652231634617,-2.08932370766666,F-43m
2,9,9,0.89,2.2,1.88,1.4742857142857142,0.625,0.6255555555555555,1.0035299558559871,0.00027431079399434835,-2.2561880905,P1
2,6,6,0.89,1.66,2.16,1.4742857142857142,0.521,0.58,1.0420030345563909,0.03024865417572495,-2.7249114925,F-43m
2,7,6,0.89,1.55,2.16,1.4742857142857142,0.586,0.58,1.0249253247172547,0.003025718606643502,-2.6442282702931,F-43m
2,7,8,0.89,1.55,2.2,1.4742857142857142,0.586,0.521,1.0404028251361004,0.03327361144956557,-2.4999615022931,F-43m
2,7,8,0.89,1.55,2.2,1.4742857142857142,0.586,0.521,1.0404028251361004,0.03327361144956557,-2.5672965662931,Cm
2,7,8,0.89,1.55,2.2,1.4742857142857142,0.586,0.521,1.0404028251361004,0.03327361144956557,-2.5412320577931,Pc
2,6,5,0.89,1.66,1.6,1.4742857142857142,0.521,0.677142857142857,1.016685492009933,0.0781076928183261,-3.0665843775,F-43m
2,8,10,0.89,2.2,1.91,1.4742857142857142,0.521,0.5714285714285715,1.0442976057771003,0.025911109466629296,-2.37273658949999,I-4
2,7,5,0.89,1.55,1.5,1.4742857142857142,0.586,0.6940000000000001,0.9962877053600813,0.05294117644463672,-3.18655668902643,F-43m
2,6,4,0.89,1.66,1.54,1.4742857142857142,0.521,0.6341666666666667,1.0277326293433893,0.05722472712120457,-3.29082848533333,F-43m
2,6,4,0.89,1.66,1.54,1.4742857142857142,0.521,0.6341666666666667,1.0277326293433893,0.05722472712120457,-3.29738807508333,Pmma
2,8,4,0.89,1.83,1.54,1.4742857142857142,0.6216666666666666,0.6341666666666667,1.002224081658698,0.006163961369469266,-3.11263003233333,F-43m
2,7,6,0.89,1.55,1.7,1.4742857142857142,0.586,0.562,1.0295982365304013,0.012158054705087004,-2.19195733145976,F-43m
2,5,4,0.89,1.6,1.54,1.4742857142857142,0.677142857142857,0.6341666666666667,0.9887005136293857,0.02090632690455394,-3.13772750847126,F-43m
2,6,5,0.89,1.66,1.6,1.4742857142857142,0.521,0.677142857142857,1.016685492009933,0.0781076928183261,-2.71384755499999,Fm-3m
2,5,6,0.89,1.6,1.7,1.4742857142857142,0.677142857142857,0.562,1.0063654546574294,0.05701351061759244,-2.42001267766666,F-43m
2,8,9,0.89,1.83,1.88,1.4742857142857142,0.6216666666666666,0.6255555555555555,1.0043564733210566,0.0019217570340538453,-2.33368072575,P4mm
2,4,4,0.89,1.33,1.3,1.4742857142857142,0.7466666666666667,0.72,0.9527001182650252,0.012499999994140497,-3.52449929975,F-43m
2,7,9,0.89,1.55,1.88,1.4742857142857142,0.586,0.6255555555555555,1.013286188250771,0.019720806548998167,-2.4436261250431,Cmm2
2,7,4,0.89,1.55,1.54,1.4742857142857142,0.586,0.6341666666666667,1.0111157508846638,0.02396252227156638,-2.49505076912643,F-43m
2,7,5,0.89,1.55,1.6,1.4742857142857142,0.586,0.677142857142857,1.0004210978497645,0.04486323041178241,-2.87396858112643,F-43m
2,5,4,0.89,1.6,1.54,1.4742857142857142,0.677142857142857,0.6341666666666667,0.9887005136293857,0.02090632690455394,-2.90355266008333,F-43m
2,5,6,0.89,1.63,1.7,1.4742857142857142,0.576875,0.562,1.0319834566516202,0.007552918024789847,-2.28422854466666,F-43m
2,4,5,0.89,1.33,1.6,1.4742857142857142,0.7466666666666667,0.677142857142857,0.9623667485485815,0.032919954888583576,-3.00139788966666,F-43m
2,4,4,0.89,1.33,1.54,1.4742857142857142,0.7466666666666667,0.6341666666666667,0.972259239681829,0.05381702209903104,-3.028436694,F-43m
2,7,10,0.89,1.9,1.91,1.4742857142857142,0.534,0.5714285714285715,1.0408214523609285,0.019167459204464766,-2.44190680425,Fm-3m
2,9,5,0.89,1.88,1.5,1.4742857142857142,0.6255555555555555,0.6940000000000001,0.9867214516383629,0.033229043030582446,-2.81175282073333,Fm-3m
2,6,5,0.89,1.66,1.5,1.4742857142857142,0.521,0.6940000000000001,1.012416896101201,0.08617683681884095,-3.16791021648333,P6_3/mmc
2,8,5,0.89,1.83,1.5,1.4742857142857142,0.6216666666666666,0.6940000000000001,0.987653803648176,0.035150238907353915,-3.00621388623333,Fm-3m
2,5,7,0.89,1.5,1.55,1.4742857142857142,0.6940000000000001,0.586,0.9962877053600813,0.05294117644463672,-3.04905246552643,Fm-3m
2,5,7,0.89,1.5,1.55,1.4742857142857142,0.6940000000000001,0.586,0.9962877053600813,0.05294117644463672,-3.07083603552643,Pnma
2,5,7,0.89,1.5,1.55,1.4742857142857142,0.6940000000000001,0.586,0.9962877053600813,0.05294117644463672,-3.06990704402643,P1
2,5,7,0.89,1.5,1.55,1.4742857142857142,0.6940000000000001,0.586,0.9962877053600813,0.05294117644463672,-3.07142502102643,I4/mmm
2,8,4,0.89,1.83,1.54,1.4742857142857142,0.6216666666666666,0.6341666666666667,1.002224081658698,0.006163961369469266,-2.816929195,P3m1
2,7,4,0.89,1.55,1.54,1.4742857142857142,0.586,0.6341666666666667,1.0111157508846638,0.02396252227156638,-2.97172770237643,R-3m
2,8,5,0.89,1.83,1.63,1.4742857142857142,0.6216666666666666,0.576875,1.0165840890759161,0.022404001447659076,-2.592685414,Fm-3m
2,8,5,0.89,1.83,1.63,1.4742857142857142,0.6216666666666666,0.576875,1.0165840890759161,0.022404001447659076,-2.568807841,P6_3/mmc
2,5,6,0.89,1.63,2.16,1.4742857142857142,0.576875,0.58,1.0272889181046378,0.00157952929947017,-2.6755853955,Fm-3m
2,9,3,0.89,2.2,1.22,1.4742857142857142,0.625,0.9884999999999999,0.9210046081286053,0.1647218759874376,-2.76159472999999,Fm-3m
2,8,3,0.89,2.2,1.22,1.4742857142857142,0.521,0.9884999999999999,0.943230963671926,0.21696252455414192,-2.831114415,Fm-3m
2,4,4,0.89,1.33,1.54,1.4742857142857142,0.7466666666666667,0.6341666666666667,0.972259239681829,0.05381702209903104,-3.56091773233333,Fm-3m
2,4,6,0.89,1.33,1.7,1.4742857142857142,0.7466666666666667,0.562,0.9893364849616167,0.08989128666726039,-3.054233885,Fm-3m
2,5,4,1.0,1.6,1.3,1.155,0.677142857142857,0.72,0.8608988956610052,0.020422055810554635,-3.00422916366666,F-43m
2,6,9,1.0,1.66,1.88,1.155,0.521,0.6255555555555555,0.9155618360628428,0.05298572592264028,-2.508303185,Pc
2,6,8,1.0,1.66,1.83,1.155,0.521,0.6216666666666666,0.9164649096805497,0.05106526882766389,-2.73674654549999,Pc
2,6,6,1.0,1.66,2.16,1.155,0.521,0.58,0.9262536915030343,0.03024865417572495,-2.8939462705,Pc
2,6,10,1.0,1.66,1.91,1.155,0.521,0.5714285714285715,0.9282933737238288,0.025911109466629296,-2.54036150849999,Pc
2,6,6,1.0,1.66,1.7,1.155,0.521,0.562,0.9305474248125842,0.021117692494917566,-2.890700132,Pc
2,8,9,1.0,1.83,1.88,1.155,0.6216666666666666,0.6255555555555555,0.8927890420152633,0.0019217570340538453,-2.399504409,Pc
2,8,6,1.0,1.83,2.16,1.155,0.6216666666666666,0.58,0.9029526823622547,0.020824656382761444,-2.712180774,Pc
2,8,10,1.0,1.83,1.91,1.155,0.6216666666666666,0.5714285714285715,0.9048909267456265,0.025162482844710087,-2.352552896,Pc
2,8,10,1.0,1.83,1.91,1.155,0.6216666666666666,0.5714285714285715,0.9048909267456265,0.025162482844710087,-2.348544327,P1
2,8,6,1.0,1.83,1.7,1.155,0.6216666666666666,0.562,0.9070326292144222,0.029955652231634617,-2.7854485645,P1
2,8,6,1.0,1.83,1.7,1.155,0.6216666666666666,0.562,0.9070326292144222,0.029955652231634617,-2.78816411,P1
2,6,7,1.0,1.66,1.55,1.155,0.521,0.586,0.924831238944292,0.03327361144956557,-2.8557681932931,Pc
2,8,7,1.0,1.83,1.55,1.155,0.6216666666666666,0.586,0.9016008443620231,0.01779921815630085,-2.6976986797931,Pc
2,8,7,1.0,1.83,1.55,1.155,0.6216666666666666,0.586,0.9016008443620231,0.01779921815630085,-2.6905718437931,Pc
2,7,6,1.0,1.55,2.16,1.155,0.586,0.58,0.911073033427838,0.003025718606643502,-2.8261777087931,Pc
2,7,5,1.0,1.55,1.6,1.155,0.586,0.677142857142857,0.8892908218212245,0.04486323041178241,-3.2073120405431,Pc
2,7,5,1.0,1.55,1.6,1.155,0.586,0.677142857142857,0.8892908218212245,0.04486323041178241,-3.1625631067931,Pc
2,5,9,1.0,1.6,1.88,1.155,0.677142857142857,0.6255555555555555,0.8807168568457358,0.025147986214382058,-3.053297722,P1
2,6,5,1.0,1.66,1.5,1.155,0.521,0.6940000000000001,0.8999540848295219,0.08617683681884095,-3.29182253648333,Pc
2,8,5,1.0,1.83,1.5,1.155,0.6216666666666666,0.6940000000000001,0.877941763332387,0.035150238907353915,-3.21720305373333,P1
2,6,4,1.0,1.66,1.54,1.155,0.521,0.6341666666666667,0.9135684928333259,0.05722472712120457,-3.37671719458333,Pc
2,8,4,1.0,1.83,1.54,1.155,0.6216666666666666,0.6341666666666667,0.8908935238800106,0.006163961369469266,-3.20054750483333,Pc
2,7,4,1.0,1.55,1.54,1.155,0.586,0.6341666666666667,0.8987974753763524,0.02396252227156638,-3.26121205637643,Pc
2,6,5,1.0,1.66,1.63,1.155,0.521,0.576875,0.9269962865798125,0.02866946732326237,-3.06073793449999,Pc
2,8,5,1.0,1.83,1.63,1.155,0.6216666666666666,0.576875,0.9036583714275724,0.022404001447659076,-2.888186702,Pc
2,8,5,1.0,1.83,1.63,1.155,0.6216666666666666,0.576875,0.9036583714275724,0.022404001447659076,-2.7651151875,F-43m
2,8,5,1.0,1.83,1.63,1.155,0.6216666666666666,0.576875,0.9036583714275724,0.022404001447659076,-2.87007376883333,P1
2,8,7,1.0,1.83,1.55,1.155,0.6216666666666666,0.586,0.9016008443620231,0.01779921815630085,-2.0965567557931,Pc
2,7,9,1.0,1.55,2.2,1.155,0.586,0.625,0.9008515708275395,0.019446522054626592,-1.76091609532567,Pc
2,7,6,1.0,1.55,1.7,1.155,0.586,0.562,0.9152268618462339,0.012158054705087004,-2.313512528659,Pc
2,8,4,1.0,1.83,1.3,1.155,0.6216666666666666,0.72,0.8724303381801499,0.047484909433810236,-3.11856206874999,F-43m
2,4,4,1.0,1.3,1.54,1.155,0.72,0.6341666666666667,0.8698051716669609,0.041323971895852095,-3.52450232808333,F-43m
2,7,4,1.0,1.55,1.54,1.155,0.586,0.6341666666666667,0.8987974753763524,0.02396252227156638,-3.08497643187643,Pc
2,6,4,1.0,1.66,1.33,1.155,0.521,0.7466666666666667,0.8883018070819494,0.11095632216129332,-3.20695342975,F-43m
2,8,4,1.0,1.83,1.54,1.155,0.6216666666666666,0.6341666666666667,0.8908935238800106,0.006163961369469266,-3.12357412141666,P4_2/nmc
2,7,4,1.0,1.55,1.54,1.155,0.586,0.6341666666666667,0.8987974753763524,0.02396252227156638,-3.23747311970977,P4_2mc
2,5,4,1.0,1.6,1.54,1.155,0.677142857142857,0.6341666666666667,0.8788722011064395,0.02090632690455394,-2.86222059899999,F-43m
2,4,5,1.0,1.33,1.6,1.155,0.7466666666666667,0.677142857142857,0.8554636827928122,0.032919954888583576,-2.92802271066666,F-43m
2,9,9,1.0,1.88,2.2,1.155,0.6255555555555555,0.625,0.8920543370022032,0.00027431079399434835,-2.12642163525,P1
2,9,9,1.0,1.88,2.2,1.155,0.6255555555555555,0.625,0.8920543370022032,0.00027431079399434835,-2.09678702925,P1
2,9,9,1.0,1.88,2.28,1.155,0.6255555555555555,0.605,0.896480795461309,0.010199862158963595,-1.9179904905,C2
2,9,6,1.0,1.88,1.7,1.155,0.6255555555555555,0.562,0.9061480398806266,0.031876950496717994,-2.5920701,P1
2,9,6,1.0,1.88,1.7,1.155,0.6255555555555555,0.562,0.9061480398806266,0.031876950496717994,-2.49281580799999,Cm
2,9,6,1.0,1.88,1.7,1.155,0.6255555555555555,0.562,0.9061480398806266,0.031876950496717994,-2.61693393099999,P2_1/c
2,9,6,1.0,2.2,1.66,1.155,0.625,0.521,0.9156907375996642,0.05271160666360288,-2.40174064049999,P2_1/c
2,6,6,1.0,1.7,1.66,1.155,0.562,0.521,0.9305474248125842,0.021117692494917566,-2.768614624,P1
2,6,6,1.0,1.7,1.66,1.155,0.562,0.521,0.9305474248125842,0.021117692494917566,-2.7694489315,P-1
2,6,6,1.0,1.7,1.66,1.155,0.562,0.521,0.9305474248125842,0.021117692494917566,-2.78768432349999,P2_1/c
2,6,6,1.0,1.7,1.66,1.155,0.562,0.521,0.9305474248125842,0.021117692494917566,-2.76834286299999,P1
2,8,9,1.0,1.83,2.2,1.155,0.6216666666666666,0.625,0.8929116105273038,0.0016474464571759292,-2.24188327125,P2_1/c
2,8,6,1.0,1.83,2.16,1.155,0.6216666666666666,0.58,0.9029526823622547,0.020824656382761444,-2.54806293299999,P2_1/c
2,7,8,1.0,1.9,1.83,1.155,0.534,0.6216666666666666,0.9134530169136528,0.044324597601251514,-2.55467773025,P2_1/c
2,8,6,1.0,1.83,1.7,1.155,0.6216666666666666,0.562,0.9070326292144222,0.029955652231634617,-2.65016495749999,P1
2,8,6,1.0,1.83,1.7,1.155,0.6216666666666666,0.562,0.9070326292144222,0.029955652231634617,-2.672509629,P2_1/c
2,8,6,1.0,1.83,1.7,1.155,0.6216666666666666,0.562,0.9070326292144222,0.029955652231634617,-2.486460758,Fm-3m
2,8,6,1.0,1.83,1.7,1.155,0.6216666666666666,0.562,0.9070326292144222,0.029955652231634617,-2.54678106799999,Imm2
2,8,6,1.0,1.83,1.7,1.155,0.6216666666666666,0.562,0.9070326292144222,0.029955652231634617,-2.485544567,R-3m
2,8,6,1.0,1.83,1.7,1.155,0.6216666666666666,0.562,0.9070326292144222,0.029955652231634617,-2.50112905749999,Pmm2
2,5,4,1.0,1.6,1.3,1.155,0.677142857142857,0.72,0.8608988956610052,0.020422055810554635,-3.332170996,Fm-3m
2,4,4,1.0,1.3,1.54,1.155,0.72,0.6341666666666667,0.8698051716669609,0.041323971895852095,-3.57240327933333,Fm-3m
2,4,4,1.0,1.33,1.3,1.155,0.7466666666666667,0.72,0.8468708556247503,0.012499999994140497,-3.57214105499999,Fm-3m
2,9,9,1.0,2.28,2.2,1.155,0.605,0.625,0.8966043798003146,0.009925558307729261,-2.10618437699999,C2/m
2,9,6,1.0,2.2,1.7,1.155,0.625,0.562,0.9062743041338329,0.03160270878775883,-2.39178485199999,P2_1/c
2,7,9,1.0,1.55,2.2,1.155,0.586,0.625,0.9008515708275395,0.019446522054626592,-2.2980209892931,P2_1/c
2,5,7,1.0,1.6,1.55,1.155,0.677142857142857,0.586,0.8892908218212245,0.04486323041178241,-3.0011409197931,P2_1/c
2,7,10,1.0,1.55,1.91,1.155,0.586,0.5714285714285715,0.9130463343442388,0.007364089231712441,-1.9918063322931,C2
2,7,7,1.0,1.9,1.55,1.155,0.534,0.586,0.9217641965713484,0.02653061223136184,-2.6559970390431,P2_1/c
2,7,8,1.0,1.55,2.2,1.155,0.586,0.521,0.924831238944292,0.03327361144956557,-2.3941978387931,P2_1/c
2,7,6,1.0,1.55,1.7,1.155,0.586,0.562,0.9152268618462339,0.012158054705087004,-2.7569592952931,P1
2,7,6,1.0,1.55,1.7,1.155,0.586,0.562,0.9152268618462339,0.012158054705087004,-2.7553590757931,P1
2,7,6,1.0,1.55,1.7,1.155,0.586,0.562,0.9152268618462339,0.012158054705087004,-2.7775442822931,P2_1/c
2,6,6,1.0,1.7,2.16,1.155,0.562,0.58,0.9166199012092746,0.009132420086690815,-2.63737325399999,P-1
2,6,6,1.0,1.7,2.16,1.155,0.562,0.58,0.9166199012092746,0.009132420086690815,-2.661461421,P2_1/c
2,5,6,1.0,1.6,1.66,1.155,0.677142857142857,0.521,0.9037485101688695,0.0781076928183261,-3.11584376349999,P2_1/c
2,5,8,1.0,1.6,1.83,1.155,0.677142857142857,0.6216666666666666,0.8815524677658745,0.027069416193587964,-2.94169549199999,P2_1/c
2,10,9,1.0,1.91,2.2,1.155,0.5714285714285715,0.625,0.9041361770899842,0.02680965146111393,-2.094400157,P2_1/c
2,10,6,1.0,1.91,1.7,1.155,0.5714285714285715,0.562,0.9186173296269686,0.0047940727803038015,-2.50167008399999,C2
2,10,6,1.0,1.91,1.7,1.155,0.5714285714285715,0.562,0.9186173296269686,0.0047940727803038015,-2.608180873,P2_1/c
2,10,6,1.0,1.91,1.7,1.155,0.5714285714285715,0.562,0.9186173296269686,0.0047940727803038015,-2.50652113299999,P2_1/c
2,9,5,1.0,1.88,1.5,1.155,0.6255555555555555,0.6940000000000001,0.8771129802461293,0.033229043030582446,-2.88907456023333,P2_1/m
2,5,6,1.0,1.5,1.66,1.155,0.6940000000000001,0.521,0.8999540848295219,0.08617683681884095,-3.23331910423333,P2_1/c
2,5,6,1.0,1.5,1.66,1.155,0.6940000000000001,0.521,0.8999540848295219,0.08617683681884095,-3.21016376548333,P2_1/m
2,8,5,1.0,1.83,1.5,1.155,0.6216666666666666,0.6940000000000001,0.877941763332387,0.035150238907353915,-3.03563844373333,P2_1/m
2,5,7,1.0,1.5,1.55,1.155,0.6940000000000001,0.586,0.8856165810320602,0.05294117644463672,-3.11306568052643,P2_1/m
2,5,6,1.0,1.5,2.16,1.155,0.6940000000000001,0.58,0.8869208764381349,0.055964653875324115,-3.08376108273333,P2_1/m
2,5,10,1.0,1.5,1.91,1.155,0.6940000000000001,0.5714285714285715,0.8887908340095657,0.06029938854296877,-2.77180654573333,P2_1/m
2,5,4,1.0,1.5,1.54,1.155,0.6940000000000001,0.6341666666666667,0.8752833745307649,0.028987847698822882,-3.44584108006666,P2_1/m
2,5,5,1.0,1.5,1.63,1.155,0.6940000000000001,0.576875,0.887601719681395,0.05754291150794707,-3.25461470673333,P2_1/m
2,5,6,1.0,1.5,1.7,1.155,0.6940000000000001,0.562,0.8908569158292394,0.0650887573643546,-3.03421970973333,P2_1/c
2,5,6,1.0,1.5,1.7,1.155,0.6940000000000001,0.562,0.8908569158292394,0.0650887573643546,-3.00860780723333,P2_1/m
2,5,6,1.0,1.5,1.7,1.155,0.6940000000000001,0.562,0.8908569158292394,0.0650887573643546,-3.00570899673333,R3
2,4,6,1.0,1.54,1.66,1.155,0.6341666666666667,0.521,0.9135684928333259,0.05722472712120457,-3.08988691783333,P2_1/c
2,4,9,1.0,1.54,2.2,1.155,0.6341666666666667,0.625,0.8901619340433699,0.004516526378394699,-2.81191228433333,P2_1/c
2,7,4,1.0,1.55,1.54,1.155,0.586,0.6341666666666667,0.8987974753763524,0.02396252227156638,-3.02551289537643,I4/m
2,7,4,1.0,1.55,1.54,1.155,0.586,0.6341666666666667,0.8987974753763524,0.02396252227156638,-3.04050740012643,P2_1/c
2,4,8,1.0,1.54,2.2,1.155,0.6341666666666667,0.521,0.9135684928333259,0.05722472712120457,-2.88846236583333,P2_1/c
2,4,6,1.0,1.54,1.7,1.155,0.6341666666666667,0.562,0.904195433269683,0.03611794634719044,-3.08204899183333,P2_1/c
2,4,6,1.0,1.54,1.7,1.155,0.6341666666666667,0.562,0.904195433269683,0.03611794634719044,-2.98142942733333,Cm
2,9,5,1.0,2.2,1.63,1.155,0.625,0.576875,0.9029056756111461,0.024051225975798216,-2.484801397,P2_1/c
2,5,6,1.0,1.63,2.16,1.155,0.576875,0.58,0.9131740705915232,0.00157952929947017,-2.7241696865,P2_1/c
2,5,6,1.0,1.63,1.7,1.155,0.576875,0.562,0.9173471233704884,0.007552918024789847,-2.78954517299999,P-1
2,5,6,1.0,1.63,1.7,1.155,0.576875,0.562,0.9173471233704884,0.007552918024789847,-2.7925790935,P-1
2,5,6,1.0,1.63,1.7,1.155,0.576875,0.562,0.9173471233704884,0.007552918024789847,-2.81378807449999,P2_1/c
2,8,4,1.0,1.83,1.33,1.155,0.6216666666666666,0.7466666666666667,0.8668490165463449,0.05997600956738457,-2.79985233499999,Fm-3m
2,5,4,1.0,1.6,1.33,1.155,0.677142857142857,0.7466666666666667,0.8554636827928122,0.032919954888583576,-3.253079747,Fm-3m
2,4,4,1.0,1.33,1.54,1.155,0.7466666666666667,0.6341666666666667,0.864257281397093,0.05381702209903104,-3.47944129033333,Fm-3m
2,9,9,1.0,1.88,2.28,1.155,0.6255555555555555,0.605,0.896480795461309,0.010199862158963595,-2.36539018795454,P1
2,9,9,1.0,1.88,2.28,1.155,0.6255555555555555,0.605,0.896480795461309,0.010199862158963595,-2.36658837590909,P-1
2,9,9,1.0,1.88,2.28,1.155,0.6255555555555555,0.605,0.896480795461309,0.010199862158963595,-2.3656653290909,P1
2,9,9,1.0,1.88,2.28,1.155,0.6255555555555555,0.605,0.896480795461309,0.010199862158963595,-2.36578515477272,P1
2,9,9,1.0,1.88,2.28,1.155,0.6255555555555555,0.605,0.896480795461309,0.010199862158963595,-2.36637120431818,P1
2,9,9,1.0,1.88,2.28,1.155,0.6255555555555555,0.605,0.896480795461309,0.010199862158963595,-2.32800403636363,R-3c
2,8,9,1.0,1.83,2.28,1.155,0.6216666666666666,0.605,0.8973466019687626,0.008278145691252547,-2.46065435681818,R-3c
2,9,7,1.0,1.88,1.55,1.155,0.6255555555555555,0.586,0.9007268129654592,0.019720806548998167,-2.60747788526645,P1
2,9,7,1.0,1.88,1.55,1.155,0.6255555555555555,0.586,0.9007268129654592,0.019720806548998167,-2.60746227708463,P1
2,7,10,1.0,1.55,1.91,1.155,0.586,0.5714285714285715,0.9130463343442388,0.007364089231712441,-2.57526185935736,R-3c
2,10,4,1.0,1.91,1.54,1.155,0.5714285714285715,0.6341666666666667,0.9020670926066321,0.031325229573921434,-2.98184012848484,R-3c
2,9,6,1.0,1.88,1.7,1.155,0.6255555555555555,0.562,0.9061480398806266,0.031876950496717994,-1.99332652999999,Pc
2,5,4,1.0,1.6,1.3,1.155,0.677142857142857,0.72,0.8608988956610052,0.020422055810554635,-3.35924014749999,F-43m
2,4,4,1.0,1.3,1.54,1.155,0.72,0.6341666666666667,0.8698051716669609,0.041323971895852095,-3.59718215083333,F-43m
2,4,5,1.0,1.3,1.63,1.155,0.72,0.576875,0.8819687324157962,0.06987032795978879,-3.2651381615,F-43m
2,4,4,1.0,1.33,1.3,1.155,0.7466666666666667,0.72,0.8468708556247503,0.012499999994140497,-3.6019453195,F-43m
2,7,6,1.0,1.55,1.7,1.155,0.586,0.562,0.9152268618462339,0.012158054705087004,-2.6462208132931,F-43m
2,8,5,1.0,1.83,1.6,1.155,0.6216666666666666,0.677142857142857,0.8815524677658745,0.027069416193587964,-2.8604638795,F-43m
2,4,7,1.0,1.33,1.55,1.155,0.7466666666666667,0.586,0.8743302913276578,0.07775447649084317,-3.0254176532931,F-43m
2,4,5,1.0,1.33,1.6,1.155,0.7466666666666667,0.677142857142857,0.8554636827928122,0.032919954888583576,-3.2841151115,F-43m
2,4,4,1.0,1.33,1.54,1.155,0.7466666666666667,0.6341666666666667,0.864257281397093,0.05381702209903104,-3.50778114083333,F-43m
2,4,5,1.0,1.33,1.63,1.155,0.7466666666666667,0.576875,0.8762650999340853,0.08235234674932636,-3.1782464325,F-43m
2,7,8,1.0,1.9,1.83,1.155,0.534,0.6216666666666666,0.9134530169136528,0.044324597601251514,-2.25660248472222,Pc
2,8,6,1.0,1.83,1.7,1.155,0.6216666666666666,0.562,0.9070326292144222,0.029955652231634617,-2.14100436999999,F-43m
2,8,6,1.0,1.83,1.7,1.155,0.6216666666666666,0.562,0.9070326292144222,0.029955652231634617,-2.14155687777777,Cm
12,9,7,1.22,1.88,1.55,1.0545714285714287,0.6255555555555555,0.586,0.8653222309405939,0.019720806548998167,-2.65605649362643,P2_1/c
12,10,8,1.22,1.91,2.2,1.0545714285714287,0.5714285714285715,0.521,0.8918052416730684,0.025911109466629296,-2.65071666983333,P2_1/c
12,8,5,1.22,1.83,1.63,1.0545714285714287,0.6216666666666666,0.576875,0.8681385595677132,0.022404001447659076,-3.06145664283333,P2_1/c
9,9,8,0.0,1.88,2.2,1.1569999999999998,0.6255555555555555,0.521,0.9162785185176865,0.05298572592264028,-2.339215697,P2_1/c
9,9,6,0.0,1.88,1.7,1.1569999999999998,0.6255555555555555,0.562,0.9068573534147797,0.031876950496717994,-2.478047705,Fm-3m
9,8,6,0.0,1.83,1.7,1.1569999999999998,0.6216666666666666,0.562,0.90774263518641,0.029955652231634617,-2.521126592,Fm-3m
9,4,8,0.0,1.3,1.83,1.1569999999999998,0.72,0.6216666666666666,0.8731132582100365,0.047484909433810236,-3.06860048,Fm-3m
9,4,5,0.0,1.3,1.6,1.1569999999999998,0.72,0.677142857142857,0.8615727891214051,0.020422055810554635,-3.389352887,Fm-3m
9,4,4,0.0,1.3,1.54,1.1569999999999998,0.72,0.6341666666666667,0.8704860367719839,0.041323971895852095,-3.62209995733333,Fm-3m
9,4,5,0.0,1.3,1.63,1.1569999999999998,0.72,0.576875,0.8826591188990962,0.06987032795978879,-3.305448941,Fm-3m
9,4,6,0.0,1.3,1.7,1.1569999999999998,0.72,0.562,0.8858755702437986,0.07741303278911667,-3.07431393,Fm-3m
9,4,4,0.0,1.3,1.33,1.1569999999999998,0.72,0.7466666666666667,0.8475337682318929,0.012499999994140497,-3.633371646,Fm-3m
9,7,9,0.0,1.55,2.28,1.1569999999999998,0.586,0.605,0.9060746874734704,0.009521423197433578,-2.4150232312931,P2_1/c
9,7,6,0.0,1.55,1.7,1.1569999999999998,0.586,0.562,0.9159432820903405,0.012158054705087004,-2.6748747717931,Fm-3m
9,8,5,0.0,1.83,1.6,1.1569999999999998,0.6216666666666666,0.677142857142857,0.8822425284060043,0.027069416193587964,-2.886674052,Fm-3m
9,5,6,0.0,1.6,1.7,1.1569999999999998,0.677142857142857,0.562,0.8952751129678591,0.05701351061759244,-2.813878178,Fm-3m
9,10,6,0.0,1.91,1.7,1.1569999999999998,0.5714285714285715,0.562,0.9193364038575963,0.0047940727803038015,-2.516327713,Fm-3m
9,5,4,0.0,1.6,1.54,1.1569999999999998,0.677142857142857,0.6341666666666667,0.8795601636904758,0.02090632690455394,-3.34329304933333,Fm-3m
9,5,6,0.0,1.63,1.7,1.1569999999999998,0.576875,0.562,0.9180652033105045,0.007552918024789847,-2.733905529,Fm-3m
9,6,4,0.0,1.66,1.33,1.1569999999999998,0.521,0.7466666666666667,0.8889971509622483,0.11095632216129332,-3.166097654,Fm-3m
9,8,4,0.0,1.83,1.33,1.1569999999999998,0.6216666666666666,0.7466666666666667,0.8675275676356179,0.05997600956738457,-2.974647611,Fm-3m
9,5,4,0.0,1.6,1.33,1.1569999999999998,0.677142857142857,0.7466666666666667,0.8561333216834522,0.032919954888583576,-3.317280466,Fm-3m
9,4,4,0.0,1.33,1.54,1.1569999999999998,0.7466666666666667,0.6341666666666667,0.8649338037308676,0.05381702209903104,-3.53709541333333,Fm-3m
9,4,5,0.0,1.33,1.63,1.1569999999999998,0.7466666666666667,0.576875,0.8769510217344251,0.08235234674932636,-3.217619104,Fm-3m
9,4,6,0.0,1.33,1.7,1.1569999999999998,0.7466666666666667,0.562,0.880125931626639,0.08989128666726039,-2.984259763,Fm-3m
9,6,4,0.0,1.66,1.3,1.1569999999999998,0.521,0.72,0.8948636668454526,0.09849047260653788,-2.7592427035,F-43m
10,9,7,1.2,1.88,1.55,1.0245,0.6255555555555555,0.586,0.8547210011877715,0.019720806548998167,-2.8105339522931,P2_1/c
10,7,10,1.2,1.55,1.91,1.0245,0.586,0.5714285714285715,0.8664112867387895,0.007364089231712441,-2.8014227372931,P2_1/c
10,10,8,1.2,1.91,2.2,1.0245,0.5714285714285715,0.521,0.880879563441653,0.025911109466629296,-2.60155644449999,P2_1/c
10,8,5,1.2,1.83,1.63,1.0245,0.6216666666666666,0.576875,0.8575028264290214,0.022404001447659076,-3.0350072365,P2_1/c
1,5,6,0.82,1.6,1.7,1.5,0.677142857142857,0.562,1.0153687241324958,0.05701351061759244,-2.629141614725,F-43m
1,4,5,0.82,1.33,1.6,1.5,0.7466666666666667,0.677142857142857,0.9709763914282409,0.032919954888583576,-3.186071456725,F-43m
1,8,4,0.82,1.83,1.3,1.5,0.6216666666666666,0.72,0.9902340433355911,0.047484909433810236,-2.595830415225,F-43m
1,4,4,0.82,1.3,1.54,1.5,0.72,0.6341666666666667,0.9872544022834391,0.041323971895852095,-3.29291488855833,F-43m
1,4,4,0.82,1.33,1.3,1.5,0.7466666666666667,0.72,0.9612232803568594,0.012499999994140497,-3.327640105225,F-43m
1,8,6,0.82,1.83,1.7,1.5,0.6216666666666666,0.562,1.0295086593823188,0.029955652231634617,-1.781921515725,F-43m
1,4,4,0.82,1.3,1.54,1.5,0.72,0.6341666666666667,0.9872544022834391,0.041323971895852095,-3.39346604005833,F-43m
1,5,4,0.82,1.6,1.3,1.5,0.677142857142857,0.72,0.9771455175800059,0.020422055810554635,-2.726267619725,F-43m
1,5,4,0.82,1.6,1.3,1.5,0.677142857142857,0.72,0.9771455175800059,0.020422055810554635,-2.77546616139166,F-43m
1,4,4,0.82,1.33,1.3,1.5,0.7466666666666667,0.72,0.9612232803568594,0.012499999994140497,-2.87165938672499,F-43m
1,9,6,0.82,1.88,1.7,1.5,0.6255555555555555,0.562,1.028504624522042,0.031876950496717994,-2.350055765225,F-43m
1,8,6,0.82,1.83,1.7,1.5,0.6216666666666666,0.562,1.0295086593823188,0.029955652231634617,-2.426766052225,F-43m
1,6,4,0.82,1.66,1.3,1.5,0.521,0.72,1.0149020859803728,0.09849047260653788,-3.01300426522499,F-43m
1,8,4,0.82,1.83,1.3,1.5,0.6216666666666666,0.72,0.9902340433355911,0.047484909433810236,-2.812907237225,F-43m
1,5,4,0.82,1.6,1.3,1.5,0.677142857142857,0.72,0.9771455175800059,0.020422055810554635,-3.311095605225,F-43m
1,4,4,0.82,1.3,1.54,1.5,0.72,0.6341666666666667,0.9872544022834391,0.041323971895852095,-3.50395311455833,F-43m
1,7,6,0.82,1.55,1.7,1.5,0.586,0.562,1.0388093539546295,0.012158054705087004,-2.6864618590181,P2_1
1,7,6,0.82,1.55,1.7,1.5,0.586,0.562,1.0388093539546295,0.012158054705087004,-2.5745978470181,F-43m
1,6,5,0.82,1.66,1.6,1.5,0.521,0.677142857142857,1.0257810878629048,0.0781076928183261,-2.93873861622499,F-43m
1,8,5,0.82,1.83,1.6,1.5,0.6216666666666666,0.677142857142857,1.0005879281882726,0.027069416193587964,-2.765143900225,F-43m
1,5,10,0.82,1.6,1.91,1.5,0.677142857142857,0.5714285714285715,1.0130040686713337,0.052223006325648344,-2.52554519322499,F-43m
1,5,6,0.82,1.6,1.7,1.5,0.677142857142857,0.562,1.0153687241324958,0.05701351061759244,-2.729330924225,F-43m
1,10,6,0.82,1.91,1.7,1.5,0.5714285714285715,0.562,1.042657634410258,0.0047940727803038015,-2.409012613225,F-43m
1,5,4,0.82,1.6,1.54,1.5,0.677142857142857,0.6341666666666667,0.9975457468527104,0.02090632690455394,-3.23912747155833,F-43m
1,5,6,0.82,1.63,1.7,1.5,0.576875,0.562,1.041215913023255,0.007552918024789847,-2.643391949225,F-43m
1,6,4,0.82,1.66,1.33,1.5,0.521,0.7466666666666667,1.0082486264335238,0.11095632216129332,-2.930011246225,F-43m
1,8,4,0.82,1.83,1.33,1.5,0.6216666666666666,0.7466666666666667,0.9838990794459492,0.05997600956738457,-2.731194154225,F-43m
1,4,5,0.82,1.33,1.6,1.5,0.7466666666666667,0.677142857142857,0.9709763914282409,0.032919954888583576,-3.238007250225,F-43m
1,4,4,0.82,1.33,1.54,1.5,0.7466666666666667,0.6341666666666667,0.9809573839732172,0.05381702209903104,-3.41863078055833,F-43m
1,4,5,0.82,1.33,1.63,1.5,0.7466666666666667,0.576875,0.9945866104926997,0.08235234674932636,-3.074095344225,F-43m
1,7,6,0.82,1.55,1.7,1.5,0.586,0.562,1.0388093539546295,0.012158054705087004,-1.8991533695181,F-43m
1,4,4,0.82,1.3,1.54,1.5,0.72,0.6341666666666667,0.9872544022834391,0.041323971895852095,-3.43645932280833,F-43m
1,4,4,0.82,1.33,1.3,1.5,0.7466666666666667,0.72,0.9612232803568594,0.012499999994140497,-3.451703276475,F-43m
1,7,6,0.82,1.55,1.7,1.5,0.586,0.562,1.0388093539546295,0.012158054705087004,-2.6512064642681,P2_1
1,8,4,0.82,1.83,1.33,1.5,0.6216666666666666,0.7466666666666667,0.9838990794459492,0.05997600956738457,-2.663656030475,F-43m
1,4,5,0.82,1.33,1.6,1.5,0.7466666666666667,0.677142857142857,0.9709763914282409,0.032919954888583576,-3.154256782475,F-43m
1,4,4,0.82,1.33,1.54,1.5,0.7466666666666667,0.6341666666666667,0.9809573839732172,0.05381702209903104,-3.34876482580833,F-43m
1,10,6,0.82,1.91,1.7,1.5,0.5714285714285715,0.562,1.042657634410258,0.0047940727803038015,-1.73030762872499,F-43m
1,5,6,0.82,1.63,1.7,1.5,0.576875,0.562,1.041215913023255,0.007552918024789847,-1.985765601725,F-43m
1,7,4,0.82,1.55,1.33,1.5,0.586,0.7466666666666667,0.9923905459296313,0.07775447649084317,-2.2560041515181,F-43m
1,4,5,0.82,1.33,1.6,1.5,0.7466666666666667,0.677142857142857,0.9709763914282409,0.032919954888583576,-2.652124309725,F-43m
3,9,9,1.1,1.88,2.2,1.1896666666666667,0.6255555555555555,0.625,0.9041578792133225,0.00027431079399434835,-2.5306732215,P2_1/c
3,9,10,1.1,1.88,1.91,1.1896666666666667,0.6255555555555555,0.5714285714285715,0.9162762734044398,0.027083912460138252,-2.572758715,R-3
3,9,10,1.1,1.88,1.91,1.1896666666666667,0.6255555555555555,0.5714285714285715,0.9162762734044398,0.027083912460138252,-2.53207557849999,P-1
3,9,8,1.1,1.88,2.2,1.1896666666666667,0.6255555555555555,0.521,0.9279843319468006,0.05298572592264028,-2.647642955,P2_1/c
3,6,8,1.1,1.66,1.83,1.1896666666666667,0.521,0.6216666666666666,0.9288996586181593,0.05106526882766389,-3.01985942249999,P2_1/c
3,6,6,1.1,1.66,2.16,1.1896666666666667,0.521,0.58,0.9388212562670677,0.03024865417572495,-3.006532805,I4/m
3,9,8,1.1,1.88,1.83,1.1896666666666667,0.6255555555555555,0.6216666666666666,0.9049025528266903,0.0019217570340538453,-2.69981866,P2_1/c
3,8,10,1.1,1.83,1.91,1.1896666666666667,0.6216666666666666,0.5714285714285715,0.9171686379500029,0.025162482844710087,-2.662331269,P2_1/c
3,4,10,1.1,1.3,1.91,1.1896666666666667,0.72,0.5714285714285715,0.8951254205767242,0.07262569828852096,-3.24780299799999,Fm-3m
3,9,7,1.1,1.88,1.55,1.1896666666666667,0.6255555555555555,0.586,0.9129480247786892,0.019720806548998167,-3.2242439782931,P2_1/c
3,6,7,1.1,1.66,1.55,1.1896666666666667,0.521,0.586,0.937379503634469,0.03327361144956557,-3.0808412422931,P2_1/c
3,6,7,1.1,1.66,1.55,1.1896666666666667,0.521,0.586,0.937379503634469,0.03327361144956557,-3.0835154882931,P-1
3,10,7,1.1,1.91,1.55,1.1896666666666667,0.5714285714285715,0.586,0.9254346994808077,0.007364089231712441,-2.7739587797931,Fm-3m
3,10,7,1.1,1.91,1.55,1.1896666666666667,0.5714285714285715,0.586,0.9254346994808077,0.007364089231712441,-2.8285053492931,P2_1/c
3,10,7,1.1,1.91,1.55,1.1896666666666667,0.5714285714285715,0.586,0.9254346994808077,0.007364089231712441,-2.8235890007931,R-3
3,9,7,1.1,2.28,1.55,1.1896666666666667,0.605,0.586,0.9176501430037013,0.009521423197433578,-2.7626428297931,P2_1/c
3,7,8,1.1,1.55,2.2,1.1896666666666667,0.586,0.521,0.937379503634469,0.03327361144956557,-2.7770962212931,P2_1/c
3,7,5,1.1,1.55,1.63,1.1896666666666667,0.586,0.576875,0.9241628163185974,0.004605242403757164,-3.1588377562931,P2_1/c
3,6,5,1.1,1.66,1.6,1.1896666666666667,0.521,0.677142857142857,0.9160107208743571,0.0781076928183261,-3.13233857599999,I4/m
3,5,10,1.1,1.6,1.91,1.1896666666666667,0.677142857142857,0.5714285714285715,0.9046009895985738,0.052223006325648344,-3.065186532,P2_1/c
3,10,9,1.1,1.91,2.2,1.1896666666666667,0.5714285714285715,0.625,0.9164036477249952,0.02680965146111393,-2.56405686849999,P2_1
3,10,9,1.1,1.91,2.28,1.1896666666666667,0.5714285714285715,0.605,0.9210128271981718,0.016885216445611785,-2.5721824465,P2_1/c
3,10,8,1.1,1.91,2.2,1.1896666666666667,0.5714285714285715,0.521,0.9408886132368462,0.025911109466629296,-2.633363193,P2_1/c
3,10,7,1.1,1.91,2.1,1.1896666666666667,0.5714285714285715,0.54375,0.9354213745010161,0.014139110597110358,-2.65439598349999,Fm-3m
3,9,4,1.1,1.88,1.54,1.1896666666666667,0.6255555555555555,0.6341666666666667,0.9021163321723615,0.004242216898354851,-3.14011676933333,Fm-3m
3,9,4,1.1,1.88,1.54,1.1896666666666667,0.6255555555555555,0.6341666666666667,0.9021163321723615,0.004242216898354851,-3.32411093058333,P-1
3,6,4,1.1,1.66,1.54,1.1896666666666667,0.521,0.6341666666666667,0.9259639427034715,0.05722472712120457,-3.39341390333333,R-3
3,6,4,1.1,1.66,1.54,1.1896666666666667,0.521,0.6341666666666667,0.9259639427034715,0.05722472712120457,-3.39983510483333,P-1
3,6,4,1.1,1.66,1.54,1.1896666666666667,0.521,0.6341666666666667,0.9259639427034715,0.05722472712120457,-3.39994005683333,P-1
3,6,4,1.1,1.66,1.54,1.1896666666666667,0.521,0.6341666666666667,0.9259639427034715,0.05722472712120457,-3.40100869283333,P-1
3,6,4,1.1,1.66,1.54,1.1896666666666667,0.521,0.6341666666666667,0.9259639427034715,0.05722472712120457,-3.39982075883333,P-1
3,4,7,1.1,1.54,1.55,1.1896666666666667,0.6341666666666667,0.586,0.9109925096149879,0.02396252227156638,-3.46575808087643,P2_1/c
3,10,4,1.1,1.91,1.54,1.1896666666666667,0.5714285714285715,0.6341666666666667,0.9143064895578507,0.031325229573921434,-3.22316693233333,Fm-3m
3,10,4,1.1,1.91,1.54,1.1896666666666667,0.5714285714285715,0.6341666666666667,0.9143064895578507,0.031325229573921434,-3.31612818233333,P2_1/c
3,8,5,1.1,1.83,1.63,1.1896666666666667,0.6216666666666666,0.576875,0.9159193591155657,0.022404001447659076,-3.063804908,P2_1/c
3,8,5,1.1,1.83,1.63,1.1896666666666667,0.6216666666666666,0.576875,0.9159193591155657,0.022404001447659076,-3.0448018315,P-1
3,6,9,1.1,1.66,1.88,1.1896666666666667,0.521,0.6255555555555555,0.9279843319468006,0.05298572592264028,-2.03996887444444,Pc
3,7,6,1.1,1.9,1.66,1.1896666666666667,0.534,0.521,0.9500237926542123,0.0067444876748407965,-2.61421939972222,P1
3,6,6,1.1,1.66,1.7,1.1896666666666667,0.521,0.562,0.9431732476671842,0.021117692494917566,-2.72135819999999,P1
3,8,6,1.1,1.83,2.16,1.1896666666666667,0.6216666666666666,0.58,0.9152040951431647,0.020824656382761444,-2.40167156,Pc
3,7,8,1.1,1.9,1.83,1.1896666666666667,0.534,0.6216666666666666,0.9258468999872367,0.044324597601251514,-2.42707637916666,Pc
3,8,6,1.1,1.83,1.7,1.1896666666666667,0.6216666666666666,0.562,0.9193393993955442,0.029955652231634617,-2.53264507833333,Pc
3,6,6,1.1,1.66,2.16,1.1896666666666667,0.521,0.58,0.9388212562670677,0.03024865417572495,-2.7262710545,P1
3,6,6,1.1,1.66,2.16,1.1896666666666667,0.521,0.58,0.9388212562670677,0.03024865417572495,-2.693245065,P1
3,6,6,1.1,1.66,1.7,1.1896666666666667,0.521,0.562,0.9431732476671842,0.021117692494917566,-2.7056849155,Pc
3,6,6,1.1,1.66,1.7,1.1896666666666667,0.521,0.562,0.9431732476671842,0.021117692494917566,-2.69270640899999,P1
3,8,10,1.1,1.83,1.91,1.1896666666666667,0.6216666666666666,0.5714285714285715,0.9171686379500029,0.025162482844710087,-2.190779936,Pc
3,8,10,1.1,1.83,1.91,1.1896666666666667,0.6216666666666666,0.5714285714285715,0.9171686379500029,0.025162482844710087,-2.187749787,P1
3,8,6,1.1,1.83,1.7,1.1896666666666667,0.6216666666666666,0.562,0.9193393993955442,0.029955652231634617,-2.62237105749999,Pc
3,8,7,1.1,1.83,1.55,1.1896666666666667,0.6216666666666666,0.586,0.9138339151791988,0.01779921815630085,-2.5313620427931,Pc
3,8,5,1.1,1.83,1.5,1.1896666666666667,0.6216666666666666,0.6940000000000001,0.8898538237872557,0.035150238907353915,-3.04929532073333,Pc
3,8,4,1.1,1.83,1.54,1.1896666666666667,0.6216666666666666,0.6341666666666667,0.9029813159848407,0.006163961369469266,-3.02823223858333,Pc
3,6,5,1.1,1.66,1.63,1.1896666666666667,0.521,0.576875,0.9395739269978557,0.02866946732326237,-2.89061283449999,Pc
3,8,5,1.1,1.83,1.63,1.1896666666666667,0.6216666666666666,0.576875,0.9159193591155657,0.022404001447659076,-2.7013500875,Pc
3,6,5,1.1,1.66,1.5,1.1896666666666667,0.521,0.6940000000000001,0.9121648121383634,0.08617683681884095,-3.02457025692592,P1
3,8,5,1.1,1.83,1.5,1.1896666666666667,0.6216666666666666,0.6940000000000001,0.8898538237872557,0.035150238907353915,-2.78624278025925,Pc
3,4,5,1.1,1.54,1.5,1.1896666666666667,0.6341666666666667,0.6940000000000001,0.8871593655224413,0.028987847698822882,-3.64400492785185,C2
3,4,5,1.1,1.54,1.5,1.1896666666666667,0.6341666666666667,0.6940000000000001,0.8871593655224413,0.028987847698822882,-3.65394793812965,Pna2_1
3,6,4,1.1,1.66,1.54,1.1896666666666667,0.521,0.6341666666666667,0.9259639427034715,0.05722472712120457,-2.85131926759259,Pc
3,5,4,1.1,1.6,1.54,1.1896666666666667,0.677142857142857,0.6341666666666667,0.890796885896403,0.02090632690455394,-3.51885273148148,C2
3,5,4,1.1,1.6,1.54,1.1896666666666667,0.677142857142857,0.6341666666666667,0.890796885896403,0.02090632690455394,-3.52881241453703,Pna2_1
1,8,6,0.93,1.83,1.7,1.1342857142857143,0.6216666666666666,0.562,0.89967899593312,0.029955652231634617,-2.56948731613793,P2_1
1,5,4,0.93,1.6,1.3,1.1342857142857143,0.677142857142857,0.72,0.8539192848211481,0.020422055810554635,-3.28701834663793,F-43m
1,4,4,0.93,1.3,1.54,1.1342857142857143,0.72,0.6341666666666667,0.8627533545077936,0.041323971895852095,-3.49507909797126,F-43m
1,4,4,0.93,1.33,1.3,1.1342857142857143,0.7466666666666667,0.72,0.8400049750507728,0.012499999994140497,-3.49998471163793,F-43m
1,7,6,0.93,1.55,1.7,1.1342857142857143,0.586,0.562,0.9078067950322724,0.012158054705087004,-2.55153203343103,F-43m
1,7,6,0.93,1.55,1.7,1.1342857142857143,0.586,0.562,0.9078067950322724,0.012158054705087004,-2.68267137393103,P2_1
1,10,6,0.93,1.91,1.7,1.1342857142857143,0.5714285714285715,0.562,0.9111697750954668,0.0047940727803038015,-2.49192507713793,P1
1,5,6,0.93,1.63,1.7,1.1342857142857143,0.576875,0.562,0.9099098668488939,0.007552918024789847,-2.62942777563793,F-43m
1,8,4,0.93,1.83,1.33,1.1342857142857143,0.6216666666666666,0.7466666666666667,0.8598211659788739,0.05997600956738457,-2.72139175963793,F-43m
1,4,5,0.93,1.33,1.6,1.1342857142857143,0.7466666666666667,0.677142857142857,0.8485281371397534,0.032919954888583576,-3.20976054063793,F-43m
1,4,4,0.93,1.33,1.54,1.1342857142857143,0.7466666666666667,0.6341666666666667,0.8572504429401415,0.05381702209903104,-3.40461189797126,F-43m
1,4,5,0.93,1.33,1.63,1.1342857142857143,0.7466666666666667,0.576875,0.8691609098591375,0.08235234674932636,-3.06435947763793,F-43m
1,7,6,0.93,1.55,1.7,1.1342857142857143,0.586,0.562,0.9078067950322724,0.012158054705087004,-1.87707815393103,F-43m
1,5,6,0.93,1.6,1.7,1.1342857142857143,0.677142857142857,0.562,0.8873222249315506,0.05701351061759244,-2.20325161280459,F-43m
1,9,6,0.93,1.88,1.7,1.1342857142857143,0.6255555555555555,0.562,0.8988015782768979,0.031876950496717994,-2.48992279138793,P2_1
1,8,6,0.93,1.83,1.7,1.1342857142857143,0.6216666666666666,0.562,0.89967899593312,0.029955652231634617,-2.54806608438793,P2_1
1,5,4,0.93,1.6,1.3,1.1342857142857143,0.677142857142857,0.72,0.8539192848211481,0.020422055810554635,-3.20703407288793,F-43m
1,4,4,0.93,1.3,1.54,1.1342857142857143,0.72,0.6341666666666667,0.8627533545077936,0.041323971895852095,-3.42983831022126,F-43m
1,7,6,0.93,1.55,1.7,1.1342857142857143,0.586,0.562,0.9078067950322724,0.012158054705087004,-2.47873232168103,F-43m
1,7,6,0.93,1.55,1.7,1.1342857142857143,0.586,0.562,0.9078067950322724,0.012158054705087004,-2.65717645218103,P2_1
1,5,4,0.93,1.6,1.3,1.1342857142857143,0.677142857142857,0.72,0.8539192848211481,0.020422055810554635,-3.24540227513793,F-43m
1,4,6,0.93,1.3,1.7,1.1342857142857143,0.72,0.562,0.8780061800170396,0.07741303278911667,-2.87953496413793,F-43m
1,5,6,0.93,1.6,1.7,1.1342857142857143,0.677142857142857,0.562,0.8873222249315506,0.05701351061759244,-2.61067757513793,F-43m
1,5,4,0.93,1.5,1.54,1.1342857142857143,0.6940000000000001,0.6341666666666667,0.8681871436497496,0.028987847698822882,-3.29707809370459,Pc
1,4,5,0.93,1.33,1.6,1.1342857142857143,0.7466666666666667,0.677142857142857,0.8485281371397534,0.032919954888583576,-3.15940908413793,F-43m
1,4,6,0.93,1.33,1.7,1.1342857142857143,0.7466666666666667,0.562,0.872307616462181,0.08989128666726039,-2.80199522613793,F-43m
1,8,4,0.93,1.83,1.3,1.1342857142857143,0.6216666666666666,0.72,0.8653572378706101,0.047484909433810236,-2.59373689263793,F-43m
1,5,4,0.93,1.6,1.3,1.1342857142857143,0.677142857142857,0.72,0.8539192848211481,0.020422055810554635,-3.27823663363793,F-43m
1,4,4,0.93,1.3,1.54,1.1342857142857143,0.72,0.6341666666666667,0.8627533545077936,0.041323971895852095,-3.28482075797126,F-43m
1,4,6,0.93,1.3,1.7,1.1342857142857143,0.72,0.562,0.8780061800170396,0.07741303278911667,-2.90994488063793,F-43m
1,5,6,0.93,1.6,1.7,1.1342857142857143,0.677142857142857,0.562,0.8873222249315506,0.05701351061759244,-2.64287374563793,F-43m
1,4,4,0.93,1.33,1.54,1.1342857142857143,0.7466666666666667,0.6341666666666667,0.8572504429401415,0.05381702209903104,-3.19584752297126,F-43m
1,4,6,0.93,1.33,1.7,1.1342857142857143,0.7466666666666667,0.562,0.872307616462181,0.08989128666726039,-2.83494627163793,F-43m
6,9,10,1.14,1.88,1.91,1.1941666666666668,0.6255555555555555,0.5714285714285715,0.9178684641228027,0.027083912460138252,-2.52033343299999,P2_1/c
6,9,8,1.14,1.88,2.2,1.1941666666666668,0.6255555555555555,0.521,0.929596867470199,0.05298572592264028,-2.4887151305,P2_1/c
6,8,10,1.14,1.83,1.91,1.1941666666666668,0.6216666666666666,0.5714285714285715,0.9187623793082634,0.025162482844710087,-2.61360871349999,P2_1/c
6,9,7,1.14,1.88,1.55,1.1941666666666668,0.6255555555555555,0.586,0.9145344320813682,0.019720806548998167,-2.7947132312931,P2_1/c
6,6,7,1.14,1.66,1.55,1.1941666666666668,0.521,0.586,0.939008364916367,0.03327361144956557,-3.0321819742931,P2_1/c
6,8,7,1.14,1.83,1.55,1.1941666666666668,0.6216666666666666,0.586,0.915421861871813,0.01779921815630085,-2.8588922647931,P2_1/c
6,7,10,1.14,1.55,1.91,1.1941666666666668,0.586,0.5714285714285715,0.9270428045706509,0.007364089231712441,-2.7804042532931,P2_1/c
6,7,9,1.14,1.55,2.28,1.1941666666666668,0.586,0.605,0.9192447210614373,0.009521423197433578,-2.7123887092931,P2_1/c
6,10,8,1.14,1.91,2.2,1.1941666666666668,0.5714285714285715,0.521,0.9425235722120938,0.025911109466629296,-2.57957283449999,P2_1/c
6,8,5,1.14,1.83,1.63,1.1941666666666668,0.6216666666666666,0.576875,0.9175109296327572,0.022404001447659076,-3.0063176375,P2_1/c
6,6,4,1.14,1.66,1.3,1.1941666666666668,0.521,0.72,0.907870745303707,0.09849047260653788,-3.31863520425,F-43m
6,4,4,1.14,1.3,1.54,1.1941666666666668,0.72,0.6341666666666667,0.8831387799736626,0.041323971895852095,-3.54531271558333,F-43m
6,8,7,1.14,1.83,1.55,1.1941666666666668,0.6216666666666666,0.586,0.915421861871813,0.01779921815630085,-2.5872780500431,F-43m
6,4,4,1.14,1.33,1.54,1.1941666666666668,0.7466666666666667,0.6341666666666667,0.8775058437668464,0.05381702209903104,-3.46274270758333,F-43m
6,8,7,1.14,1.83,1.55,1.1941666666666668,0.6216666666666666,0.586,0.915421861871813,0.01779921815630085,-2.1239881790431,P2_1
6,8,7,1.14,1.83,1.55,1.1941666666666668,0.6216666666666666,0.586,0.915421861871813,0.01779921815630085,-2.2582360740431,P2_1
6,5,4,1.14,1.5,1.54,1.1941666666666668,0.6940000000000001,0.6341666666666667,0.8887009605069378,0.028987847698822882,-3.62643061562963,Pna2_1
1,7,6,0.82,1.55,1.7,1.6525,0.586,0.562,1.093436397567761,0.012158054705087004,-2.6569097015431,P2_1
1,7,6,0.82,1.55,1.7,1.6525,0.586,0.562,1.093436397567761,0.012158054705087004,-2.6242573972931,P2_1
4,5,4,1.54,1.6,1.54,0.6341666666666667,0.677142857142857,0.6341666666666667,0.6997152781803063,0.02090632690455394,-2.84598423814814,P1
3,9,7,1.22,1.88,1.55,0.9884999999999999,0.6255555555555555,0.586,0.8420297427663401,0.019720806548998167,-2.8346194587931,P2_1/c
3,7,10,1.22,1.55,1.91,0.9884999999999999,0.586,0.5714285714285715,0.8535464460200447,0.007364089231712441,-2.8229455417931,P2_1/c
3,6,3,1.22,1.66,1.22,0.9884999999999999,0.521,0.9884999999999999,0.7838146171527219,0.21696252455414192,-2.66069565349999,P-3m1
3,6,3,1.22,1.66,1.22,0.9884999999999999,0.521,0.9884999999999999,0.7838146171527219,0.21696252455414192,-2.53086693018518,P-31c
16,9,7,0.0,1.88,1.55,1.0085714285714287,0.6255555555555555,0.586,0.849105622957654,0.019720806548998167,-2.91072361119827,P2_1/c
16,5,4,0.0,1.5,1.54,1.0085714285714287,0.6940000000000001,0.6341666666666667,0.8251203631304834,0.028987847698822882,-3.51277001266666,P2_1/c
